study,site,month,metric,numerator,denominator
ONCO-301,ONCO-301-SITE-01,2025-09,etmf_missing,4,100
ONCO-301,ONCO-301-SITE-01,2025-09,aged_queries,5,100
ONCO-301,ONCO-301-SITE-01,2025-09,deviations,6,100
ONCO-301,ONCO-301-SITE-01,2025-10,etmf_missing,6,100
ONCO-301,ONCO-301-SITE-01,2025-10,aged_queries,7,100
ONCO-301,ONCO-301-SITE-01,2025-10,deviations,8,100
ONCO-301,ONCO-301-SITE-01,2025-11,etmf_missing,8,100
ONCO-301,ONCO-301-SITE-01,2025-11,aged_queries,9,100
ONCO-301,ONCO-301-SITE-01,2025-11,deviations,10,100
ONCO-301,ONCO-301-SITE-01,2025-12,etmf_missing,10,100
ONCO-301,ONCO-301-SITE-01,2025-12,aged_queries,11,100
ONCO-301,ONCO-301-SITE-01,2025-12,deviations,12,100
ONCO-301,ONCO-301-SITE-01,2026-01,etmf_missing,12,100
ONCO-301,ONCO-301-SITE-01,2026-01,aged_queries,13,100
ONCO-301,ONCO-301-SITE-01,2026-01,deviations,14,100
ONCO-301,ONCO-301-SITE-01,2026-02,etmf_missing,14,100
ONCO-301,ONCO-301-SITE-01,2026-02,aged_queries,15,100
ONCO-301,ONCO-301-SITE-01,2026-02,deviations,16,100
ONCO-301,ONCO-301-SITE-01,2026-03,etmf_missing,16,100
ONCO-301,ONCO-301-SITE-01,2026-03,aged_queries,17,100
ONCO-301,ONCO-301-SITE-01,2026-03,deviations,18,100
ONCO-301,ONCO-301-SITE-01,2026-04,etmf_missing,18,100
ONCO-301,ONCO-301-SITE-01,2026-04,aged_queries,19,100
ONCO-301,ONCO-301-SITE-01,2026-04,deviations,20,100
ONCO-301,ONCO-301-SITE-01,2026-05,etmf_missing,20,100
ONCO-301,ONCO-301-SITE-01,2026-05,aged_queries,21,100
ONCO-301,ONCO-301-SITE-01,2026-05,deviations,22,100
ONCO-301,ONCO-301-SITE-01,2026-06,etmf_missing,22,100
ONCO-301,ONCO-301-SITE-01,2026-06,aged_queries,23,100
ONCO-301,ONCO-301-SITE-01,2026-06,deviations,24,100
ONCO-301,ONCO-301-SITE-01,2026-07,etmf_missing,24,100
ONCO-301,ONCO-301-SITE-01,2026-07,aged_queries,25,100
ONCO-301,ONCO-301-SITE-01,2026-07,deviations,26,100
ONCO-301,ONCO-301-SITE-01,2026-08,etmf_missing,26,100
ONCO-301,ONCO-301-SITE-01,2026-08,aged_queries,27,100
ONCO-301,ONCO-301-SITE-01,2026-08,deviations,28,100
ONCO-301,ONCO-301-SITE-02,2025-09,etmf_missing,5,100
ONCO-301,ONCO-301-SITE-02,2025-09,aged_queries,6,100
ONCO-301,ONCO-301-SITE-02,2025-09,deviations,7,100
ONCO-301,ONCO-301-SITE-02,2025-10,etmf_missing,7,100
ONCO-301,ONCO-301-SITE-02,2025-10,aged_queries,8,100
ONCO-301,ONCO-301-SITE-02,2025-10,deviations,9,100
ONCO-301,ONCO-301-SITE-02,2025-11,etmf_missing,9,100
ONCO-301,ONCO-301-SITE-02,2025-11,aged_queries,10,100
ONCO-301,ONCO-301-SITE-02,2025-11,deviations,11,100
ONCO-301,ONCO-301-SITE-02,2025-12,etmf_missing,11,100
ONCO-301,ONCO-301-SITE-02,2025-12,aged_queries,12,100
ONCO-301,ONCO-301-SITE-02,2025-12,deviations,13,100
ONCO-301,ONCO-301-SITE-02,2026-01,etmf_missing,13,100
ONCO-301,ONCO-301-SITE-02,2026-01,aged_queries,14,100
ONCO-301,ONCO-301-SITE-02,2026-01,deviations,15,100
ONCO-301,ONCO-301-SITE-02,2026-02,etmf_missing,15,100
ONCO-301,ONCO-301-SITE-02,2026-02,aged_queries,16,100
ONCO-301,ONCO-301-SITE-02,2026-02,deviations,17,100
ONCO-301,ONCO-301-SITE-02,2026-03,etmf_missing,17,100
ONCO-301,ONCO-301-SITE-02,2026-03,aged_queries,18,100
ONCO-301,ONCO-301-SITE-02,2026-03,deviations,19,100
ONCO-301,ONCO-301-SITE-02,2026-04,etmf_missing,19,100
ONCO-301,ONCO-301-SITE-02,2026-04,aged_queries,20,100
ONCO-301,ONCO-301-SITE-02,2026-04,deviations,21,100
ONCO-301,ONCO-301-SITE-02,2026-05,etmf_missing,21,100
ONCO-301,ONCO-301-SITE-02,2026-05,aged_queries,22,100
ONCO-301,ONCO-301-SITE-02,2026-05,deviations,23,100
ONCO-301,ONCO-301-SITE-02,2026-06,etmf_missing,23,100
ONCO-301,ONCO-301-SITE-02,2026-06,aged_queries,24,100
ONCO-301,ONCO-301-SITE-02,2026-06,deviations,25,100
ONCO-301,ONCO-301-SITE-02,2026-07,etmf_missing,25,100
ONCO-301,ONCO-301-SITE-02,2026-07,aged_queries,26,100
ONCO-301,ONCO-301-SITE-02,2026-07,deviations,27,100
ONCO-301,ONCO-301-SITE-02,2026-08,etmf_missing,27,100
ONCO-301,ONCO-301-SITE-02,2026-08,aged_queries,28,100
ONCO-301,ONCO-301-SITE-02,2026-08,deviations,29,100
ONCO-301,ONCO-301-SITE-03,2025-09,etmf_missing,6,100
ONCO-301,ONCO-301-SITE-03,2025-09,aged_queries,7,100
ONCO-301,ONCO-301-SITE-03,2025-09,deviations,8,100
ONCO-301,ONCO-301-SITE-03,2025-10,etmf_missing,8,100
ONCO-301,ONCO-301-SITE-03,2025-10,aged_queries,9,100
ONCO-301,ONCO-301-SITE-03,2025-10,deviations,10,100
ONCO-301,ONCO-301-SITE-03,2025-11,etmf_missing,10,100
ONCO-301,ONCO-301-SITE-03,2025-11,aged_queries,11,100
ONCO-301,ONCO-301-SITE-03,2025-11,deviations,12,100
ONCO-301,ONCO-301-SITE-03,2025-12,etmf_missing,12,100
ONCO-301,ONCO-301-SITE-03,2025-12,aged_queries,13,100
ONCO-301,ONCO-301-SITE-03,2025-12,deviations,14,100
ONCO-301,ONCO-301-SITE-03,2026-01,etmf_missing,14,100
ONCO-301,ONCO-301-SITE-03,2026-01,aged_queries,15,100
ONCO-301,ONCO-301-SITE-03,2026-01,deviations,16,100
ONCO-301,ONCO-301-SITE-03,2026-02,etmf_missing,16,100
ONCO-301,ONCO-301-SITE-03,2026-02,aged_queries,17,100
ONCO-301,ONCO-301-SITE-03,2026-02,deviations,18,100
ONCO-301,ONCO-301-SITE-03,2026-03,etmf_missing,18,100
ONCO-301,ONCO-301-SITE-03,2026-03,aged_queries,19,100
ONCO-301,ONCO-301-SITE-03,2026-03,deviations,20,100
ONCO-301,ONCO-301-SITE-03,2026-04,etmf_missing,20,100
ONCO-301,ONCO-301-SITE-03,2026-04,aged_queries,21,100
ONCO-301,ONCO-301-SITE-03,2026-04,deviations,22,100
ONCO-301,ONCO-301-SITE-03,2026-05,etmf_missing,22,100
ONCO-301,ONCO-301-SITE-03,2026-05,aged_queries,23,100
ONCO-301,ONCO-301-SITE-03,2026-05,deviations,24,100
ONCO-301,ONCO-301-SITE-03,2026-06,etmf_missing,24,100
ONCO-301,ONCO-301-SITE-03,2026-06,aged_queries,25,100
ONCO-301,ONCO-301-SITE-03,2026-06,deviations,26,100
ONCO-301,ONCO-301-SITE-03,2026-07,etmf_missing,26,100
ONCO-301,ONCO-301-SITE-03,2026-07,aged_queries,27,100
ONCO-301,ONCO-301-SITE-03,2026-07,deviations,28,100
ONCO-301,ONCO-301-SITE-03,2026-08,etmf_missing,28,100
ONCO-301,ONCO-301-SITE-03,2026-08,aged_queries,29,100
ONCO-301,ONCO-301-SITE-03,2026-08,deviations,30,100
CARD-112,CARD-112-SITE-01,2025-09,etmf_missing,5,100
CARD-112,CARD-112-SITE-01,2025-09,aged_queries,6,100
CARD-112,CARD-112-SITE-01,2025-09,deviations,7,100
CARD-112,CARD-112-SITE-01,2025-10,etmf_missing,5,100
CARD-112,CARD-112-SITE-01,2025-10,aged_queries,6,100
CARD-112,CARD-112-SITE-01,2025-10,deviations,7,100
CARD-112,CARD-112-SITE-01,2025-11,etmf_missing,5,100
CARD-112,CARD-112-SITE-01,2025-11,aged_queries,6,100
CARD-112,CARD-112-SITE-01,2025-11,deviations,7,100
CARD-112,CARD-112-SITE-01,2025-12,etmf_missing,6,100
CARD-112,CARD-112-SITE-01,2025-12,aged_queries,7,100
CARD-112,CARD-112-SITE-01,2025-12,deviations,8,100
CARD-112,CARD-112-SITE-01,2026-01,etmf_missing,6,100
CARD-112,CARD-112-SITE-01,2026-01,aged_queries,7,100
CARD-112,CARD-112-SITE-01,2026-01,deviations,8,100
CARD-112,CARD-112-SITE-01,2026-02,etmf_missing,6,100
CARD-112,CARD-112-SITE-01,2026-02,aged_queries,7,100
CARD-112,CARD-112-SITE-01,2026-02,deviations,8,100
CARD-112,CARD-112-SITE-01,2026-03,etmf_missing,7,100
CARD-112,CARD-112-SITE-01,2026-03,aged_queries,8,100
CARD-112,CARD-112-SITE-01,2026-03,deviations,9,100
CARD-112,CARD-112-SITE-01,2026-04,etmf_missing,7,100
CARD-112,CARD-112-SITE-01,2026-04,aged_queries,8,100
CARD-112,CARD-112-SITE-01,2026-04,deviations,9,100
CARD-112,CARD-112-SITE-01,2026-05,etmf_missing,7,100
CARD-112,CARD-112-SITE-01,2026-05,aged_queries,8,100
CARD-112,CARD-112-SITE-01,2026-05,deviations,9,100
CARD-112,CARD-112-SITE-01,2026-06,etmf_missing,8,100
CARD-112,CARD-112-SITE-01,2026-06,aged_queries,9,100
CARD-112,CARD-112-SITE-01,2026-06,deviations,10,100
CARD-112,CARD-112-SITE-01,2026-07,etmf_missing,8,100
CARD-112,CARD-112-SITE-01,2026-07,aged_queries,9,100
CARD-112,CARD-112-SITE-01,2026-07,deviations,10,100
CARD-112,CARD-112-SITE-01,2026-08,etmf_missing,8,100
CARD-112,CARD-112-SITE-01,2026-08,aged_queries,9,100
CARD-112,CARD-112-SITE-01,2026-08,deviations,10,100
CARD-112,CARD-112-SITE-02,2025-09,etmf_missing,6,100
CARD-112,CARD-112-SITE-02,2025-09,aged_queries,7,100
CARD-112,CARD-112-SITE-02,2025-09,deviations,8,100
CARD-112,CARD-112-SITE-02,2025-10,etmf_missing,6,100
CARD-112,CARD-112-SITE-02,2025-10,aged_queries,7,100
CARD-112,CARD-112-SITE-02,2025-10,deviations,8,100
CARD-112,CARD-112-SITE-02,2025-11,etmf_missing,6,100
CARD-112,CARD-112-SITE-02,2025-11,aged_queries,7,100
CARD-112,CARD-112-SITE-02,2025-11,deviations,8,100
CARD-112,CARD-112-SITE-02,2025-12,etmf_missing,7,100
CARD-112,CARD-112-SITE-02,2025-12,aged_queries,8,100
CARD-112,CARD-112-SITE-02,2025-12,deviations,9,100
CARD-112,CARD-112-SITE-02,2026-01,etmf_missing,7,100
CARD-112,CARD-112-SITE-02,2026-01,aged_queries,8,100
CARD-112,CARD-112-SITE-02,2026-01,deviations,9,100
CARD-112,CARD-112-SITE-02,2026-02,etmf_missing,7,100
CARD-112,CARD-112-SITE-02,2026-02,aged_queries,8,100
CARD-112,CARD-112-SITE-02,2026-02,deviations,9,100
CARD-112,CARD-112-SITE-02,2026-03,etmf_missing,8,100
CARD-112,CARD-112-SITE-02,2026-03,aged_queries,9,100
CARD-112,CARD-112-SITE-02,2026-03,deviations,10,100
CARD-112,CARD-112-SITE-02,2026-04,etmf_missing,8,100
CARD-112,CARD-112-SITE-02,2026-04,aged_queries,9,100
CARD-112,CARD-112-SITE-02,2026-04,deviations,10,100
CARD-112,CARD-112-SITE-02,2026-05,etmf_missing,8,100
CARD-112,CARD-112-SITE-02,2026-05,aged_queries,9,100
CARD-112,CARD-112-SITE-02,2026-05,deviations,10,100
CARD-112,CARD-112-SITE-02,2026-06,etmf_missing,9,100
CARD-112,CARD-112-SITE-02,2026-06,aged_queries,10,100
CARD-112,CARD-112-SITE-02,2026-06,deviations,11,100
CARD-112,CARD-112-SITE-02,2026-07,etmf_missing,9,100
CARD-112,CARD-112-SITE-02,2026-07,aged_queries,10,100
CARD-112,CARD-112-SITE-02,2026-07,deviations,11,100
CARD-112,CARD-112-SITE-02,2026-08,etmf_missing,9,100
CARD-112,CARD-112-SITE-02,2026-08,aged_queries,10,100
CARD-112,CARD-112-SITE-02,2026-08,deviations,11,100
CARD-112,CARD-112-SITE-03,2025-09,etmf_missing,7,100
CARD-112,CARD-112-SITE-03,2025-09,aged_queries,8,100
CARD-112,CARD-112-SITE-03,2025-09,deviations,9,100
CARD-112,CARD-112-SITE-03,2025-10,etmf_missing,7,100
CARD-112,CARD-112-SITE-03,2025-10,aged_queries,8,100
CARD-112,CARD-112-SITE-03,2025-10,deviations,9,100
CARD-112,CARD-112-SITE-03,2025-11,etmf_missing,7,100
CARD-112,CARD-112-SITE-03,2025-11,aged_queries,8,100
CARD-112,CARD-112-SITE-03,2025-11,deviations,9,100
CARD-112,CARD-112-SITE-03,2025-12,etmf_missing,8,100
CARD-112,CARD-112-SITE-03,2025-12,aged_queries,9,100
CARD-112,CARD-112-SITE-03,2025-12,deviations,10,100
CARD-112,CARD-112-SITE-03,2026-01,etmf_missing,8,100
CARD-112,CARD-112-SITE-03,2026-01,aged_queries,9,100
CARD-112,CARD-112-SITE-03,2026-01,deviations,10,100
CARD-112,CARD-112-SITE-03,2026-02,etmf_missing,8,100
CARD-112,CARD-112-SITE-03,2026-02,aged_queries,9,100
CARD-112,CARD-112-SITE-03,2026-02,deviations,10,100
CARD-112,CARD-112-SITE-03,2026-03,etmf_missing,9,100
CARD-112,CARD-112-SITE-03,2026-03,aged_queries,10,100
CARD-112,CARD-112-SITE-03,2026-03,deviations,11,100
CARD-112,CARD-112-SITE-03,2026-04,etmf_missing,9,100
CARD-112,CARD-112-SITE-03,2026-04,aged_queries,10,100
CARD-112,CARD-112-SITE-03,2026-04,deviations,11,100
CARD-112,CARD-112-SITE-03,2026-05,etmf_missing,9,100
CARD-112,CARD-112-SITE-03,2026-05,aged_queries,10,100
CARD-112,CARD-112-SITE-03,2026-05,deviations,11,100
CARD-112,CARD-112-SITE-03,2026-06,etmf_missing,10,100
CARD-112,CARD-112-SITE-03,2026-06,aged_queries,11,100
CARD-112,CARD-112-SITE-03,2026-06,deviations,12,100
CARD-112,CARD-112-SITE-03,2026-07,etmf_missing,10,100
CARD-112,CARD-112-SITE-03,2026-07,aged_queries,11,100
CARD-112,CARD-112-SITE-03,2026-07,deviations,12,100
CARD-112,CARD-112-SITE-03,2026-08,etmf_missing,10,100
CARD-112,CARD-112-SITE-03,2026-08,aged_queries,11,100
CARD-112,CARD-112-SITE-03,2026-08,deviations,12,100
NEURO-045,NEURO-045-SITE-01,2025-09,etmf_missing,6,100
NEURO-045,NEURO-045-SITE-01,2025-09,aged_queries,7,100
NEURO-045,NEURO-045-SITE-01,2025-09,deviations,8,100
NEURO-045,NEURO-045-SITE-01,2025-10,etmf_missing,6,100
NEURO-045,NEURO-045-SITE-01,2025-10,aged_queries,7,100
NEURO-045,NEURO-045-SITE-01,2025-10,deviations,8,100
NEURO-045,NEURO-045-SITE-01,2025-11,etmf_missing,6,100
NEURO-045,NEURO-045-SITE-01,2025-11,aged_queries,7,100
NEURO-045,NEURO-045-SITE-01,2025-11,deviations,8,100
NEURO-045,NEURO-045-SITE-01,2025-12,etmf_missing,7,100
NEURO-045,NEURO-045-SITE-01,2025-12,aged_queries,8,100
NEURO-045,NEURO-045-SITE-01,2025-12,deviations,9,100
NEURO-045,NEURO-045-SITE-01,2026-01,etmf_missing,7,100
NEURO-045,NEURO-045-SITE-01,2026-01,aged_queries,8,100
NEURO-045,NEURO-045-SITE-01,2026-01,deviations,9,100
NEURO-045,NEURO-045-SITE-01,2026-02,etmf_missing,7,100
NEURO-045,NEURO-045-SITE-01,2026-02,aged_queries,8,100
NEURO-045,NEURO-045-SITE-01,2026-02,deviations,9,100
NEURO-045,NEURO-045-SITE-01,2026-03,etmf_missing,8,100
NEURO-045,NEURO-045-SITE-01,2026-03,aged_queries,9,100
NEURO-045,NEURO-045-SITE-01,2026-03,deviations,10,100
NEURO-045,NEURO-045-SITE-01,2026-04,etmf_missing,8,100
NEURO-045,NEURO-045-SITE-01,2026-04,aged_queries,9,100
NEURO-045,NEURO-045-SITE-01,2026-04,deviations,10,100
NEURO-045,NEURO-045-SITE-01,2026-05,etmf_missing,8,100
NEURO-045,NEURO-045-SITE-01,2026-05,aged_queries,9,100
NEURO-045,NEURO-045-SITE-01,2026-05,deviations,10,100
NEURO-045,NEURO-045-SITE-01,2026-06,etmf_missing,9,100
NEURO-045,NEURO-045-SITE-01,2026-06,aged_queries,10,100
NEURO-045,NEURO-045-SITE-01,2026-06,deviations,11,100
NEURO-045,NEURO-045-SITE-01,2026-07,etmf_missing,9,100
NEURO-045,NEURO-045-SITE-01,2026-07,aged_queries,10,100
NEURO-045,NEURO-045-SITE-01,2026-07,deviations,11,100
NEURO-045,NEURO-045-SITE-01,2026-08,etmf_missing,9,100
NEURO-045,NEURO-045-SITE-01,2026-08,aged_queries,10,100
NEURO-045,NEURO-045-SITE-01,2026-08,deviations,11,100
NEURO-045,NEURO-045-SITE-02,2025-09,etmf_missing,7,100
NEURO-045,NEURO-045-SITE-02,2025-09,aged_queries,8,100
NEURO-045,NEURO-045-SITE-02,2025-09,deviations,9,100
NEURO-045,NEURO-045-SITE-02,2025-10,etmf_missing,7,100
NEURO-045,NEURO-045-SITE-02,2025-10,aged_queries,8,100
NEURO-045,NEURO-045-SITE-02,2025-10,deviations,9,100
NEURO-045,NEURO-045-SITE-02,2025-11,etmf_missing,7,100
NEURO-045,NEURO-045-SITE-02,2025-11,aged_queries,8,100
NEURO-045,NEURO-045-SITE-02,2025-11,deviations,9,100
NEURO-045,NEURO-045-SITE-02,2025-12,etmf_missing,8,100
NEURO-045,NEURO-045-SITE-02,2025-12,aged_queries,9,100
NEURO-045,NEURO-045-SITE-02,2025-12,deviations,10,100
NEURO-045,NEURO-045-SITE-02,2026-01,etmf_missing,8,100
NEURO-045,NEURO-045-SITE-02,2026-01,aged_queries,9,100
NEURO-045,NEURO-045-SITE-02,2026-01,deviations,10,100
NEURO-045,NEURO-045-SITE-02,2026-02,etmf_missing,8,100
NEURO-045,NEURO-045-SITE-02,2026-02,aged_queries,9,100
NEURO-045,NEURO-045-SITE-02,2026-02,deviations,10,100
NEURO-045,NEURO-045-SITE-02,2026-03,etmf_missing,9,100
NEURO-045,NEURO-045-SITE-02,2026-03,aged_queries,10,100
NEURO-045,NEURO-045-SITE-02,2026-03,deviations,11,100
NEURO-045,NEURO-045-SITE-02,2026-04,etmf_missing,9,100
NEURO-045,NEURO-045-SITE-02,2026-04,aged_queries,10,100
NEURO-045,NEURO-045-SITE-02,2026-04,deviations,11,100
NEURO-045,NEURO-045-SITE-02,2026-05,etmf_missing,9,100
NEURO-045,NEURO-045-SITE-02,2026-05,aged_queries,10,100
NEURO-045,NEURO-045-SITE-02,2026-05,deviations,11,100
NEURO-045,NEURO-045-SITE-02,2026-06,etmf_missing,10,100
NEURO-045,NEURO-045-SITE-02,2026-06,aged_queries,11,100
NEURO-045,NEURO-045-SITE-02,2026-06,deviations,12,100
NEURO-045,NEURO-045-SITE-02,2026-07,etmf_missing,10,100
NEURO-045,NEURO-045-SITE-02,2026-07,aged_queries,11,100
NEURO-045,NEURO-045-SITE-02,2026-07,deviations,12,100
NEURO-045,NEURO-045-SITE-02,2026-08,etmf_missing,10,100
NEURO-045,NEURO-045-SITE-02,2026-08,aged_queries,11,100
NEURO-045,NEURO-045-SITE-02,2026-08,deviations,12,100
NEURO-045,NEURO-045-SITE-03,2025-09,etmf_missing,8,100
NEURO-045,NEURO-045-SITE-03,2025-09,aged_queries,9,100
NEURO-045,NEURO-045-SITE-03,2025-09,deviations,10,100
NEURO-045,NEURO-045-SITE-03,2025-10,etmf_missing,8,100
NEURO-045,NEURO-045-SITE-03,2025-10,aged_queries,9,100
NEURO-045,NEURO-045-SITE-03,2025-10,deviations,10,100
NEURO-045,NEURO-045-SITE-03,2025-11,etmf_missing,8,100
NEURO-045,NEURO-045-SITE-03,2025-11,aged_queries,9,100
NEURO-045,NEURO-045-SITE-03,2025-11,deviations,10,100
NEURO-045,NEURO-045-SITE-03,2025-12,etmf_missing,9,100
NEURO-045,NEURO-045-SITE-03,2025-12,aged_queries,10,100
NEURO-045,NEURO-045-SITE-03,2025-12,deviations,11,100
NEURO-045,NEURO-045-SITE-03,2026-01,etmf_missing,9,100
NEURO-045,NEURO-045-SITE-03,2026-01,aged_queries,10,100
NEURO-045,NEURO-045-SITE-03,2026-01,deviations,11,100
NEURO-045,NEURO-045-SITE-03,2026-02,etmf_missing,9,100
NEURO-045,NEURO-045-SITE-03,2026-02,aged_queries,10,100
NEURO-045,NEURO-045-SITE-03,2026-02,deviations,11,100
NEURO-045,NEURO-045-SITE-03,2026-03,etmf_missing,10,100
NEURO-045,NEURO-045-SITE-03,2026-03,aged_queries,11,100
NEURO-045,NEURO-045-SITE-03,2026-03,deviations,12,100
NEURO-045,NEURO-045-SITE-03,2026-04,etmf_missing,10,100
NEURO-045,NEURO-045-SITE-03,2026-04,aged_queries,11,100
NEURO-045,NEURO-045-SITE-03,2026-04,deviations,12,100
NEURO-045,NEURO-045-SITE-03,2026-05,etmf_missing,10,100
NEURO-045,NEURO-045-SITE-03,2026-05,aged_queries,11,100
NEURO-045,NEURO-045-SITE-03,2026-05,deviations,12,100
NEURO-045,NEURO-045-SITE-03,2026-06,etmf_missing,11,100
NEURO-045,NEURO-045-SITE-03,2026-06,aged_queries,12,100
NEURO-045,NEURO-045-SITE-03,2026-06,deviations,13,100
NEURO-045,NEURO-045-SITE-03,2026-07,etmf_missing,11,100
NEURO-045,NEURO-045-SITE-03,2026-07,aged_queries,12,100
NEURO-045,NEURO-045-SITE-03,2026-07,deviations,13,100
NEURO-045,NEURO-045-SITE-03,2026-08,etmf_missing,11,100
NEURO-045,NEURO-045-SITE-03,2026-08,aged_queries,12,100
NEURO-045,NEURO-045-SITE-03,2026-08,deviations,13,100
