Inspection ID,FEI,Company,Site,Inspection Date,Country,Product,Inspection Type,Classification,Citation,Observations,Project Area,Observation Text,Fiscal Year
SYN-00001,SYN-FEI-0011,Aster Therapeutics,Aster Site 1,2020-01-15,India,Drugs,Surveillance,NAI,no,0,Quality assurance,,2020
SYN-00002,SYN-FEI-0011,Aster Therapeutics,Aster Site 1,2020-04-15,India,Drugs,Surveillance,NAI,no,0,Quality assurance,,2020
SYN-00003,SYN-FEI-0011,Aster Therapeutics,Aster Site 1,2021-01-15,India,Drugs,Surveillance,OAI,yes,2,Quality assurance,Audit trail disabled; data integrity controls failed and records were deleted. OOS investigation lacked a documented root cause and follow-up testing. CAPA effectiveness was not verified after repeated deviations.,2021
SYN-00004,SYN-FEI-0011,Aster Therapeutics,Aster Site 1,2021-04-15,India,Drugs,Surveillance,NAI,no,0,Quality assurance,,2021
SYN-00005,SYN-FEI-0011,Aster Therapeutics,Aster Site 1,2021-07-15,India,Drugs,Surveillance,NAI,no,0,Quality assurance,,2021
SYN-00006,SYN-FEI-0011,Aster Therapeutics,Aster Site 1,2022-01-15,India,Drugs,Surveillance,VAI,yes,3,Quality assurance,Audit trail disabled; data integrity controls failed and records were deleted. OOS investigation lacked a documented root cause and follow-up testing. CAPA effectiveness was not verified after repeated deviations.,2022
SYN-00007,SYN-FEI-0011,Aster Therapeutics,Aster Site 1,2022-04-15,India,Drugs,Surveillance,NAI,no,0,Quality assurance,,2022
SYN-00008,SYN-FEI-0011,Aster Therapeutics,Aster Site 1,2023-01-15,India,Drugs,Surveillance,OAI,yes,2,Quality assurance,Audit trail disabled; data integrity controls failed and records were deleted. OOS investigation lacked a documented root cause and follow-up testing. CAPA effectiveness was not verified after repeated deviations.,2023
SYN-00009,SYN-FEI-0011,Aster Therapeutics,Aster Site 1,2023-04-15,India,Drugs,Surveillance,OAI,yes,2,Quality assurance,Audit trail disabled; data integrity controls failed and records were deleted. OOS investigation lacked a documented root cause and follow-up testing. CAPA effectiveness was not verified after repeated deviations.,2023
SYN-00010,SYN-FEI-0011,Aster Therapeutics,Aster Site 1,2023-07-15,India,Drugs,Surveillance,NAI,no,0,Quality assurance,,2023
SYN-00011,SYN-FEI-0011,Aster Therapeutics,Aster Site 1,2024-01-15,India,Drugs,Surveillance,NAI,no,0,Quality assurance,,2024
SYN-00012,SYN-FEI-0011,Aster Therapeutics,Aster Site 1,2024-04-15,India,Drugs,Surveillance,NAI,no,0,Quality assurance,,2024
SYN-00013,SYN-FEI-0011,Aster Therapeutics,Aster Site 1,2025-01-15,India,Drugs,Surveillance,OAI,yes,2,Quality assurance,Audit trail disabled; data integrity controls failed and records were deleted. OOS investigation lacked a documented root cause and follow-up testing. CAPA effectiveness was not verified after repeated deviations.,2025
SYN-00014,SYN-FEI-0011,Aster Therapeutics,Aster Site 1,2025-04-15,India,Drugs,Surveillance,OAI,yes,7,Quality assurance,Audit trail disabled; data integrity controls failed and records were deleted. OOS investigation lacked a documented root cause and follow-up testing. CAPA effectiveness was not verified after repeated deviations.,2025
SYN-00015,SYN-FEI-0011,Aster Therapeutics,Aster Site 1,2025-07-15,India,Drugs,Surveillance,OAI,yes,7,Quality assurance,Audit trail disabled; data integrity controls failed and records were deleted. OOS investigation lacked a documented root cause and follow-up testing. CAPA effectiveness was not verified after repeated deviations.,2025
SYN-00016,SYN-FEI-0011,Aster Therapeutics,Aster Site 1,2026-01-15,India,Drugs,Surveillance,OAI,yes,2,Quality assurance,Audit trail disabled; data integrity controls failed and records were deleted. OOS investigation lacked a documented root cause and follow-up testing. CAPA effectiveness was not verified after repeated deviations.,2026
SYN-00017,SYN-FEI-0011,Aster Therapeutics,Aster Site 1,2026-04-15,India,Drugs,Surveillance,OAI,yes,2,Quality assurance,Audit trail disabled; data integrity controls failed and records were deleted. OOS investigation lacked a documented root cause and follow-up testing. CAPA effectiveness was not verified after repeated deviations.,2026
SYN-00018,SYN-FEI-0012,Aster Therapeutics,Aster Site 2,2020-01-15,India,Drugs,Surveillance,VAI,yes,2,Quality assurance,Audit trail disabled; data integrity controls failed and records were deleted. OOS investigation lacked a documented root cause and follow-up testing. CAPA effectiveness was not verified after repeated deviations.,2020
SYN-00019,SYN-FEI-0012,Aster Therapeutics,Aster Site 2,2020-04-15,India,Drugs,Surveillance,NAI,no,0,Quality assurance,,2020
SYN-00020,SYN-FEI-0012,Aster Therapeutics,Aster Site 2,2020-07-15,India,Drugs,Surveillance,NAI,no,0,Quality assurance,,2020
SYN-00021,SYN-FEI-0012,Aster Therapeutics,Aster Site 2,2021-01-15,India,Drugs,Surveillance,NAI,no,0,Quality assurance,,2021
SYN-00022,SYN-FEI-0012,Aster Therapeutics,Aster Site 2,2021-04-15,India,Drugs,Surveillance,VAI,yes,5,Quality assurance,Audit trail disabled; data integrity controls failed and records were deleted. OOS investigation lacked a documented root cause and follow-up testing. CAPA effectiveness was not verified after repeated deviations.,2021
SYN-00023,SYN-FEI-0012,Aster Therapeutics,Aster Site 2,2022-01-15,India,Drugs,Surveillance,OAI,yes,7,Quality assurance,Audit trail disabled; data integrity controls failed and records were deleted. OOS investigation lacked a documented root cause and follow-up testing. CAPA effectiveness was not verified after repeated deviations.,2022
SYN-00024,SYN-FEI-0012,Aster Therapeutics,Aster Site 2,2022-04-15,India,Drugs,Surveillance,VAI,yes,6,Quality assurance,Audit trail disabled; data integrity controls failed and records were deleted. OOS investigation lacked a documented root cause and follow-up testing. CAPA effectiveness was not verified after repeated deviations.,2022
SYN-00025,SYN-FEI-0012,Aster Therapeutics,Aster Site 2,2022-07-15,India,Drugs,Surveillance,NAI,no,0,Quality assurance,,2022
SYN-00026,SYN-FEI-0012,Aster Therapeutics,Aster Site 2,2023-01-15,India,Drugs,Surveillance,NAI,no,0,Quality assurance,,2023
SYN-00027,SYN-FEI-0012,Aster Therapeutics,Aster Site 2,2023-04-15,India,Drugs,Surveillance,NAI,no,0,Quality assurance,,2023
SYN-00028,SYN-FEI-0012,Aster Therapeutics,Aster Site 2,2024-01-15,India,Drugs,Surveillance,OAI,yes,2,Quality assurance,Audit trail disabled; data integrity controls failed and records were deleted. OOS investigation lacked a documented root cause and follow-up testing. CAPA effectiveness was not verified after repeated deviations.,2024
SYN-00029,SYN-FEI-0012,Aster Therapeutics,Aster Site 2,2024-04-15,India,Drugs,Surveillance,OAI,yes,3,Quality assurance,Audit trail disabled; data integrity controls failed and records were deleted. OOS investigation lacked a documented root cause and follow-up testing. CAPA effectiveness was not verified after repeated deviations.,2024
SYN-00030,SYN-FEI-0012,Aster Therapeutics,Aster Site 2,2024-07-15,India,Drugs,Surveillance,OAI,yes,3,Quality assurance,Audit trail disabled; data integrity controls failed and records were deleted. OOS investigation lacked a documented root cause and follow-up testing. CAPA effectiveness was not verified after repeated deviations.,2024
SYN-00031,SYN-FEI-0012,Aster Therapeutics,Aster Site 2,2025-01-15,India,Drugs,Surveillance,OAI,yes,2,Quality assurance,Audit trail disabled; data integrity controls failed and records were deleted. OOS investigation lacked a documented root cause and follow-up testing. CAPA effectiveness was not verified after repeated deviations.,2025
SYN-00032,SYN-FEI-0012,Aster Therapeutics,Aster Site 2,2025-04-15,India,Drugs,Surveillance,VAI,yes,5,Quality assurance,Audit trail disabled; data integrity controls failed and records were deleted. OOS investigation lacked a documented root cause and follow-up testing. CAPA effectiveness was not verified after repeated deviations.,2025
SYN-00033,SYN-FEI-0012,Aster Therapeutics,Aster Site 2,2026-01-15,India,Drugs,Surveillance,OAI,yes,4,Quality assurance,Audit trail disabled; data integrity controls failed and records were deleted. OOS investigation lacked a documented root cause and follow-up testing. CAPA effectiveness was not verified after repeated deviations.,2026
SYN-00034,SYN-FEI-0012,Aster Therapeutics,Aster Site 2,2026-04-15,India,Drugs,Surveillance,OAI,yes,5,Quality assurance,Audit trail disabled; data integrity controls failed and records were deleted. OOS investigation lacked a documented root cause and follow-up testing. CAPA effectiveness was not verified after repeated deviations.,2026
SYN-00035,SYN-FEI-0012,Aster Therapeutics,Aster Site 2,2026-07-15,India,Drugs,Surveillance,OAI,yes,5,Quality assurance,Audit trail disabled; data integrity controls failed and records were deleted. OOS investigation lacked a documented root cause and follow-up testing. CAPA effectiveness was not verified after repeated deviations.,2026
SYN-00036,SYN-FEI-0021,Northstar Biologics,Northstar Site 1,2020-01-15,United States,Biologics,Surveillance,OAI,yes,2,Quality assurance,Laboratory controls did not include instrument calibration verification. Documentation was incomplete; batch records lacked review signatures.,2020
SYN-00037,SYN-FEI-0021,Northstar Biologics,Northstar Site 1,2020-04-15,United States,Biologics,Surveillance,OAI,yes,3,Quality assurance,Audit trail disabled; data integrity controls failed and records were deleted. Documentation was incomplete; batch records lacked review signatures.,2020
SYN-00038,SYN-FEI-0021,Northstar Biologics,Northstar Site 1,2020-07-15,United States,Biologics,Surveillance,OAI,yes,5,Quality assurance,OOS investigation lacked a documented root cause and follow-up testing. Audit trail disabled; data integrity controls failed and records were deleted.,2020
SYN-00039,SYN-FEI-0021,Northstar Biologics,Northstar Site 1,2021-01-15,United States,Biologics,Surveillance,OAI,yes,3,Quality assurance,Process validation did not establish reproducible manufacturing controls. CAPA effectiveness was not verified after repeated deviations.,2021
SYN-00040,SYN-FEI-0021,Northstar Biologics,Northstar Site 1,2021-04-15,United States,Biologics,Surveillance,OAI,yes,4,Quality assurance,CAPA effectiveness was not verified after repeated deviations. OOS investigation lacked a documented root cause and follow-up testing.,2021
SYN-00041,SYN-FEI-0021,Northstar Biologics,Northstar Site 1,2022-01-15,United States,Biologics,Surveillance,NAI,no,0,Quality assurance,,2022
SYN-00042,SYN-FEI-0021,Northstar Biologics,Northstar Site 1,2022-04-15,United States,Biologics,Surveillance,VAI,yes,7,Quality assurance,Documentation was incomplete; batch records lacked review signatures. OOS investigation lacked a documented root cause and follow-up testing.,2022
SYN-00043,SYN-FEI-0021,Northstar Biologics,Northstar Site 1,2022-07-15,United States,Biologics,Surveillance,NAI,no,0,Quality assurance,,2022
SYN-00044,SYN-FEI-0021,Northstar Biologics,Northstar Site 1,2023-01-15,United States,Biologics,Surveillance,NAI,no,0,Quality assurance,,2023
SYN-00045,SYN-FEI-0021,Northstar Biologics,Northstar Site 1,2023-04-15,United States,Biologics,Surveillance,NAI,no,0,Quality assurance,,2023
SYN-00046,SYN-FEI-0021,Northstar Biologics,Northstar Site 1,2024-01-15,United States,Biologics,Surveillance,NAI,no,0,Quality assurance,,2024
SYN-00047,SYN-FEI-0021,Northstar Biologics,Northstar Site 1,2024-04-15,United States,Biologics,Surveillance,NAI,no,0,Quality assurance,,2024
SYN-00048,SYN-FEI-0021,Northstar Biologics,Northstar Site 1,2024-07-15,United States,Biologics,Surveillance,NAI,no,0,Quality assurance,,2024
SYN-00049,SYN-FEI-0021,Northstar Biologics,Northstar Site 1,2025-01-15,United States,Biologics,Surveillance,VAI,yes,4,Quality assurance,Audit trail disabled; data integrity controls failed and records were deleted. Process validation did not establish reproducible manufacturing controls.,2025
SYN-00050,SYN-FEI-0021,Northstar Biologics,Northstar Site 1,2025-04-15,United States,Biologics,Surveillance,NAI,no,0,Quality assurance,,2025
SYN-00051,SYN-FEI-0021,Northstar Biologics,Northstar Site 1,2026-01-15,United States,Biologics,Surveillance,VAI,yes,7,Quality assurance,Laboratory controls did not include instrument calibration verification. Documentation was incomplete; batch records lacked review signatures.,2026
SYN-00052,SYN-FEI-0021,Northstar Biologics,Northstar Site 1,2026-04-15,United States,Biologics,Surveillance,VAI,yes,5,Quality assurance,Process validation did not establish reproducible manufacturing controls. Laboratory controls did not include instrument calibration verification.,2026
SYN-00053,SYN-FEI-0021,Northstar Biologics,Northstar Site 1,2026-07-15,United States,Biologics,Surveillance,NAI,no,0,Quality assurance,,2026
SYN-00054,SYN-FEI-0022,Northstar Biologics,Northstar Site 2,2020-01-15,United States,Biologics,Surveillance,NAI,no,0,Quality assurance,,2020
SYN-00055,SYN-FEI-0022,Northstar Biologics,Northstar Site 2,2020-04-15,United States,Biologics,Surveillance,OAI,yes,5,Quality assurance,Process validation did not establish reproducible manufacturing controls. Documentation was incomplete; batch records lacked review signatures.,2020
SYN-00056,SYN-FEI-0022,Northstar Biologics,Northstar Site 2,2021-01-15,United States,Biologics,Surveillance,VAI,yes,3,Quality assurance,Audit trail disabled; data integrity controls failed and records were deleted. CAPA effectiveness was not verified after repeated deviations.,2021
SYN-00057,SYN-FEI-0022,Northstar Biologics,Northstar Site 2,2021-04-15,United States,Biologics,Surveillance,OAI,yes,4,Quality assurance,Process validation did not establish reproducible manufacturing controls. CAPA effectiveness was not verified after repeated deviations.,2021
SYN-00058,SYN-FEI-0022,Northstar Biologics,Northstar Site 2,2021-07-15,United States,Biologics,Surveillance,VAI,yes,7,Quality assurance,CAPA effectiveness was not verified after repeated deviations. Process validation did not establish reproducible manufacturing controls.,2021
SYN-00059,SYN-FEI-0022,Northstar Biologics,Northstar Site 2,2022-01-15,United States,Biologics,Surveillance,NAI,no,0,Quality assurance,,2022
SYN-00060,SYN-FEI-0022,Northstar Biologics,Northstar Site 2,2022-04-15,United States,Biologics,Surveillance,OAI,yes,5,Quality assurance,CAPA effectiveness was not verified after repeated deviations. Laboratory controls did not include instrument calibration verification.,2022
SYN-00061,SYN-FEI-0022,Northstar Biologics,Northstar Site 2,2023-01-15,United States,Biologics,Surveillance,NAI,no,0,Quality assurance,,2023
SYN-00062,SYN-FEI-0022,Northstar Biologics,Northstar Site 2,2023-04-15,United States,Biologics,Surveillance,OAI,yes,5,Quality assurance,Audit trail disabled; data integrity controls failed and records were deleted. Documentation was incomplete; batch records lacked review signatures.,2023
SYN-00063,SYN-FEI-0022,Northstar Biologics,Northstar Site 2,2023-07-15,United States,Biologics,Surveillance,VAI,yes,6,Quality assurance,CAPA effectiveness was not verified after repeated deviations. Process validation did not establish reproducible manufacturing controls.,2023
SYN-00064,SYN-FEI-0022,Northstar Biologics,Northstar Site 2,2024-01-15,United States,Biologics,Surveillance,NAI,no,0,Quality assurance,,2024
SYN-00065,SYN-FEI-0022,Northstar Biologics,Northstar Site 2,2024-04-15,United States,Biologics,Surveillance,OAI,yes,2,Quality assurance,OOS investigation lacked a documented root cause and follow-up testing. Process validation did not establish reproducible manufacturing controls.,2024
SYN-00066,SYN-FEI-0022,Northstar Biologics,Northstar Site 2,2025-01-15,United States,Biologics,Surveillance,NAI,no,0,Quality assurance,,2025
SYN-00067,SYN-FEI-0022,Northstar Biologics,Northstar Site 2,2025-04-15,United States,Biologics,Surveillance,VAI,yes,6,Quality assurance,Process validation did not establish reproducible manufacturing controls. Laboratory controls did not include instrument calibration verification.,2025
SYN-00068,SYN-FEI-0022,Northstar Biologics,Northstar Site 2,2025-07-15,United States,Biologics,Surveillance,NAI,no,0,Quality assurance,,2025
SYN-00069,SYN-FEI-0022,Northstar Biologics,Northstar Site 2,2026-01-15,United States,Biologics,Surveillance,NAI,no,0,Quality assurance,,2026
SYN-00070,SYN-FEI-0022,Northstar Biologics,Northstar Site 2,2026-04-15,United States,Biologics,Surveillance,VAI,yes,5,Quality assurance,Audit trail disabled; data integrity controls failed and records were deleted. CAPA effectiveness was not verified after repeated deviations.,2026
SYN-00071,SYN-FEI-0031,Meridian Laboratories,Meridian Site 1,2020-01-15,Ireland,Devices,Surveillance,OAI,yes,2,Quality assurance,Documentation was incomplete; batch records lacked review signatures. CAPA effectiveness was not verified after repeated deviations.,2020
SYN-00072,SYN-FEI-0031,Meridian Laboratories,Meridian Site 1,2020-04-15,Ireland,Devices,Surveillance,NAI,no,0,Quality assurance,,2020
SYN-00073,SYN-FEI-0031,Meridian Laboratories,Meridian Site 1,2021-01-15,Ireland,Devices,Surveillance,NAI,no,0,Quality assurance,,2021
SYN-00074,SYN-FEI-0031,Meridian Laboratories,Meridian Site 1,2021-04-15,Ireland,Devices,Surveillance,NAI,no,0,Quality assurance,,2021
SYN-00075,SYN-FEI-0031,Meridian Laboratories,Meridian Site 1,2021-07-15,Ireland,Devices,Surveillance,NAI,no,0,Quality assurance,,2021
SYN-00076,SYN-FEI-0031,Meridian Laboratories,Meridian Site 1,2022-01-15,Ireland,Devices,Surveillance,NAI,no,0,Quality assurance,,2022
SYN-00077,SYN-FEI-0031,Meridian Laboratories,Meridian Site 1,2022-04-15,Ireland,Devices,Surveillance,NAI,no,0,Quality assurance,,2022
SYN-00078,SYN-FEI-0031,Meridian Laboratories,Meridian Site 1,2023-01-15,Ireland,Devices,Surveillance,NAI,no,0,Quality assurance,,2023
SYN-00079,SYN-FEI-0031,Meridian Laboratories,Meridian Site 1,2023-04-15,Ireland,Devices,Surveillance,NAI,no,0,Quality assurance,,2023
SYN-00080,SYN-FEI-0031,Meridian Laboratories,Meridian Site 1,2023-07-15,Ireland,Devices,Surveillance,OAI,yes,7,Quality assurance,Documentation was incomplete; batch records lacked review signatures. OOS investigation lacked a documented root cause and follow-up testing.,2023
SYN-00081,SYN-FEI-0031,Meridian Laboratories,Meridian Site 1,2024-01-15,Ireland,Devices,Surveillance,OAI,yes,4,Quality assurance,Laboratory controls did not include instrument calibration verification. Process validation did not establish reproducible manufacturing controls.,2024
SYN-00082,SYN-FEI-0031,Meridian Laboratories,Meridian Site 1,2024-04-15,Ireland,Devices,Surveillance,VAI,yes,4,Quality assurance,Documentation was incomplete; batch records lacked review signatures. Laboratory controls did not include instrument calibration verification.,2024
SYN-00083,SYN-FEI-0031,Meridian Laboratories,Meridian Site 1,2025-01-15,Ireland,Devices,Surveillance,OAI,yes,2,Quality assurance,Laboratory controls did not include instrument calibration verification. Process validation did not establish reproducible manufacturing controls.,2025
SYN-00084,SYN-FEI-0031,Meridian Laboratories,Meridian Site 1,2025-04-15,Ireland,Devices,Surveillance,OAI,yes,2,Quality assurance,CAPA effectiveness was not verified after repeated deviations. Process validation did not establish reproducible manufacturing controls.,2025
SYN-00085,SYN-FEI-0031,Meridian Laboratories,Meridian Site 1,2025-07-15,Ireland,Devices,Surveillance,VAI,yes,7,Quality assurance,Laboratory controls did not include instrument calibration verification. Audit trail disabled; data integrity controls failed and records were deleted.,2025
SYN-00086,SYN-FEI-0031,Meridian Laboratories,Meridian Site 1,2026-01-15,Ireland,Devices,Surveillance,NAI,no,0,Quality assurance,,2026
SYN-00087,SYN-FEI-0031,Meridian Laboratories,Meridian Site 1,2026-04-15,Ireland,Devices,Surveillance,NAI,no,0,Quality assurance,,2026
SYN-00088,SYN-FEI-0032,Meridian Laboratories,Meridian Site 2,2020-01-15,Ireland,Devices,Surveillance,NAI,no,0,Quality assurance,,2020
SYN-00089,SYN-FEI-0032,Meridian Laboratories,Meridian Site 2,2020-04-15,Ireland,Devices,Surveillance,NAI,no,0,Quality assurance,,2020
SYN-00090,SYN-FEI-0032,Meridian Laboratories,Meridian Site 2,2020-07-15,Ireland,Devices,Surveillance,OAI,yes,7,Quality assurance,CAPA effectiveness was not verified after repeated deviations. OOS investigation lacked a documented root cause and follow-up testing.,2020
SYN-00091,SYN-FEI-0032,Meridian Laboratories,Meridian Site 2,2021-01-15,Ireland,Devices,Surveillance,VAI,yes,6,Quality assurance,Documentation was incomplete; batch records lacked review signatures. Audit trail disabled; data integrity controls failed and records were deleted.,2021
SYN-00092,SYN-FEI-0032,Meridian Laboratories,Meridian Site 2,2021-04-15,Ireland,Devices,Surveillance,OAI,yes,3,Quality assurance,OOS investigation lacked a documented root cause and follow-up testing. Audit trail disabled; data integrity controls failed and records were deleted.,2021
SYN-00093,SYN-FEI-0032,Meridian Laboratories,Meridian Site 2,2022-01-15,Ireland,Devices,Surveillance,OAI,yes,2,Quality assurance,Process validation did not establish reproducible manufacturing controls. CAPA effectiveness was not verified after repeated deviations.,2022
SYN-00094,SYN-FEI-0032,Meridian Laboratories,Meridian Site 2,2022-04-15,Ireland,Devices,Surveillance,VAI,yes,2,Quality assurance,Documentation was incomplete; batch records lacked review signatures. Audit trail disabled; data integrity controls failed and records were deleted.,2022
SYN-00095,SYN-FEI-0032,Meridian Laboratories,Meridian Site 2,2022-07-15,Ireland,Devices,Surveillance,OAI,yes,5,Quality assurance,Documentation was incomplete; batch records lacked review signatures. Audit trail disabled; data integrity controls failed and records were deleted.,2022
SYN-00096,SYN-FEI-0032,Meridian Laboratories,Meridian Site 2,2023-01-15,Ireland,Devices,Surveillance,NAI,no,0,Quality assurance,,2023
SYN-00097,SYN-FEI-0032,Meridian Laboratories,Meridian Site 2,2023-04-15,Ireland,Devices,Surveillance,OAI,yes,4,Quality assurance,CAPA effectiveness was not verified after repeated deviations. Documentation was incomplete; batch records lacked review signatures.,2023
SYN-00098,SYN-FEI-0032,Meridian Laboratories,Meridian Site 2,2024-01-15,Ireland,Devices,Surveillance,OAI,yes,7,Quality assurance,Laboratory controls did not include instrument calibration verification. Audit trail disabled; data integrity controls failed and records were deleted.,2024
SYN-00099,SYN-FEI-0032,Meridian Laboratories,Meridian Site 2,2024-04-15,Ireland,Devices,Surveillance,OAI,yes,6,Quality assurance,OOS investigation lacked a documented root cause and follow-up testing. Process validation did not establish reproducible manufacturing controls.,2024
SYN-00100,SYN-FEI-0032,Meridian Laboratories,Meridian Site 2,2024-07-15,Ireland,Devices,Surveillance,VAI,yes,3,Quality assurance,CAPA effectiveness was not verified after repeated deviations. OOS investigation lacked a documented root cause and follow-up testing.,2024
SYN-00101,SYN-FEI-0032,Meridian Laboratories,Meridian Site 2,2025-01-15,Ireland,Devices,Surveillance,VAI,yes,4,Quality assurance,Documentation was incomplete; batch records lacked review signatures. Process validation did not establish reproducible manufacturing controls.,2025
SYN-00102,SYN-FEI-0032,Meridian Laboratories,Meridian Site 2,2025-04-15,Ireland,Devices,Surveillance,OAI,yes,7,Quality assurance,OOS investigation lacked a documented root cause and follow-up testing. Laboratory controls did not include instrument calibration verification.,2025
SYN-00103,SYN-FEI-0032,Meridian Laboratories,Meridian Site 2,2026-01-15,Ireland,Devices,Surveillance,OAI,yes,5,Quality assurance,Process validation did not establish reproducible manufacturing controls. Documentation was incomplete; batch records lacked review signatures.,2026
SYN-00104,SYN-FEI-0032,Meridian Laboratories,Meridian Site 2,2026-04-15,Ireland,Devices,Surveillance,OAI,yes,6,Quality assurance,Documentation was incomplete; batch records lacked review signatures. CAPA effectiveness was not verified after repeated deviations.,2026
SYN-00105,SYN-FEI-0032,Meridian Laboratories,Meridian Site 2,2026-07-15,Ireland,Devices,Surveillance,NAI,no,0,Quality assurance,,2026
SYN-00106,SYN-FEI-0041,Cedar Health Sciences,Cedar Site 1,2020-01-15,India,Drugs,Surveillance,NAI,no,0,Quality assurance,,2020
SYN-00107,SYN-FEI-0041,Cedar Health Sciences,Cedar Site 1,2020-04-15,India,Drugs,Surveillance,NAI,no,0,Quality assurance,,2020
SYN-00108,SYN-FEI-0041,Cedar Health Sciences,Cedar Site 1,2020-07-15,India,Drugs,Surveillance,NAI,no,0,Quality assurance,,2020
SYN-00109,SYN-FEI-0041,Cedar Health Sciences,Cedar Site 1,2021-01-15,India,Drugs,Surveillance,VAI,yes,5,Quality assurance,CAPA effectiveness was not verified after repeated deviations. Documentation was incomplete; batch records lacked review signatures.,2021
SYN-00110,SYN-FEI-0041,Cedar Health Sciences,Cedar Site 1,2021-04-15,India,Drugs,Surveillance,NAI,no,0,Quality assurance,,2021
SYN-00111,SYN-FEI-0041,Cedar Health Sciences,Cedar Site 1,2022-01-15,India,Drugs,Surveillance,NAI,no,0,Quality assurance,,2022
SYN-00112,SYN-FEI-0041,Cedar Health Sciences,Cedar Site 1,2022-04-15,India,Drugs,Surveillance,NAI,no,0,Quality assurance,,2022
SYN-00113,SYN-FEI-0041,Cedar Health Sciences,Cedar Site 1,2022-07-15,India,Drugs,Surveillance,NAI,no,0,Quality assurance,,2022
SYN-00114,SYN-FEI-0041,Cedar Health Sciences,Cedar Site 1,2023-01-15,India,Drugs,Surveillance,NAI,no,0,Quality assurance,,2023
SYN-00115,SYN-FEI-0041,Cedar Health Sciences,Cedar Site 1,2023-04-15,India,Drugs,Surveillance,NAI,no,0,Quality assurance,,2023
SYN-00116,SYN-FEI-0041,Cedar Health Sciences,Cedar Site 1,2024-01-15,India,Drugs,Surveillance,NAI,no,0,Quality assurance,,2024
SYN-00117,SYN-FEI-0041,Cedar Health Sciences,Cedar Site 1,2024-04-15,India,Drugs,Surveillance,NAI,no,0,Quality assurance,,2024
SYN-00118,SYN-FEI-0041,Cedar Health Sciences,Cedar Site 1,2024-07-15,India,Drugs,Surveillance,NAI,no,0,Quality assurance,,2024
SYN-00119,SYN-FEI-0041,Cedar Health Sciences,Cedar Site 1,2025-01-15,India,Drugs,Surveillance,NAI,no,0,Quality assurance,,2025
SYN-00120,SYN-FEI-0041,Cedar Health Sciences,Cedar Site 1,2025-04-15,India,Drugs,Surveillance,NAI,no,0,Quality assurance,,2025
SYN-00121,SYN-FEI-0041,Cedar Health Sciences,Cedar Site 1,2026-01-15,India,Drugs,Surveillance,NAI,no,0,Quality assurance,,2026
SYN-00122,SYN-FEI-0041,Cedar Health Sciences,Cedar Site 1,2026-04-15,India,Drugs,Surveillance,NAI,no,0,Quality assurance,,2026
SYN-00123,SYN-FEI-0041,Cedar Health Sciences,Cedar Site 1,2026-07-15,India,Drugs,Surveillance,NAI,no,0,Quality assurance,,2026
SYN-00124,SYN-FEI-0042,Cedar Health Sciences,Cedar Site 2,2020-01-15,India,Drugs,Surveillance,NAI,no,0,Quality assurance,,2020
SYN-00125,SYN-FEI-0042,Cedar Health Sciences,Cedar Site 2,2020-04-15,India,Drugs,Surveillance,VAI,yes,3,Quality assurance,Audit trail disabled; data integrity controls failed and records were deleted. Laboratory controls did not include instrument calibration verification.,2020
SYN-00126,SYN-FEI-0042,Cedar Health Sciences,Cedar Site 2,2021-01-15,India,Drugs,Surveillance,NAI,no,0,Quality assurance,,2021
SYN-00127,SYN-FEI-0042,Cedar Health Sciences,Cedar Site 2,2021-04-15,India,Drugs,Surveillance,NAI,no,0,Quality assurance,,2021
SYN-00128,SYN-FEI-0042,Cedar Health Sciences,Cedar Site 2,2021-07-15,India,Drugs,Surveillance,NAI,no,0,Quality assurance,,2021
SYN-00129,SYN-FEI-0042,Cedar Health Sciences,Cedar Site 2,2022-01-15,India,Drugs,Surveillance,NAI,no,0,Quality assurance,,2022
SYN-00130,SYN-FEI-0042,Cedar Health Sciences,Cedar Site 2,2022-04-15,India,Drugs,Surveillance,NAI,no,0,Quality assurance,,2022
SYN-00131,SYN-FEI-0042,Cedar Health Sciences,Cedar Site 2,2023-01-15,India,Drugs,Surveillance,VAI,yes,6,Quality assurance,Documentation was incomplete; batch records lacked review signatures. CAPA effectiveness was not verified after repeated deviations.,2023
SYN-00132,SYN-FEI-0042,Cedar Health Sciences,Cedar Site 2,2023-04-15,India,Drugs,Surveillance,NAI,no,0,Quality assurance,,2023
SYN-00133,SYN-FEI-0042,Cedar Health Sciences,Cedar Site 2,2023-07-15,India,Drugs,Surveillance,NAI,no,0,Quality assurance,,2023
SYN-00134,SYN-FEI-0042,Cedar Health Sciences,Cedar Site 2,2024-01-15,India,Drugs,Surveillance,NAI,no,0,Quality assurance,,2024
SYN-00135,SYN-FEI-0042,Cedar Health Sciences,Cedar Site 2,2024-04-15,India,Drugs,Surveillance,NAI,no,0,Quality assurance,,2024
SYN-00136,SYN-FEI-0042,Cedar Health Sciences,Cedar Site 2,2025-01-15,India,Drugs,Surveillance,NAI,no,0,Quality assurance,,2025
SYN-00137,SYN-FEI-0042,Cedar Health Sciences,Cedar Site 2,2025-04-15,India,Drugs,Surveillance,NAI,no,0,Quality assurance,,2025
SYN-00138,SYN-FEI-0042,Cedar Health Sciences,Cedar Site 2,2025-07-15,India,Drugs,Surveillance,NAI,no,0,Quality assurance,,2025
SYN-00139,SYN-FEI-0042,Cedar Health Sciences,Cedar Site 2,2026-01-15,India,Drugs,Surveillance,NAI,no,0,Quality assurance,,2026
SYN-00140,SYN-FEI-0042,Cedar Health Sciences,Cedar Site 2,2026-04-15,India,Drugs,Surveillance,NAI,no,0,Quality assurance,,2026
SYN-00141,SYN-FEI-0051,Helix Formulations,Helix Site 1,2020-01-15,United States,Biologics,Surveillance,NAI,no,0,Quality assurance,,2020
SYN-00142,SYN-FEI-0051,Helix Formulations,Helix Site 1,2020-04-15,United States,Biologics,Surveillance,NAI,no,0,Quality assurance,,2020
SYN-00143,SYN-FEI-0051,Helix Formulations,Helix Site 1,2021-01-15,United States,Biologics,Surveillance,NAI,no,0,Quality assurance,,2021
SYN-00144,SYN-FEI-0051,Helix Formulations,Helix Site 1,2021-04-15,United States,Biologics,Surveillance,OAI,yes,3,Quality assurance,CAPA effectiveness was not verified after repeated deviations. OOS investigation lacked a documented root cause and follow-up testing.,2021
SYN-00145,SYN-FEI-0051,Helix Formulations,Helix Site 1,2021-07-15,United States,Biologics,Surveillance,NAI,no,0,Quality assurance,,2021
SYN-00146,SYN-FEI-0051,Helix Formulations,Helix Site 1,2022-01-15,United States,Biologics,Surveillance,VAI,yes,4,Quality assurance,Process validation did not establish reproducible manufacturing controls. CAPA effectiveness was not verified after repeated deviations.,2022
SYN-00147,SYN-FEI-0051,Helix Formulations,Helix Site 1,2022-04-15,United States,Biologics,Surveillance,VAI,yes,5,Quality assurance,CAPA effectiveness was not verified after repeated deviations. Laboratory controls did not include instrument calibration verification.,2022
SYN-00148,SYN-FEI-0051,Helix Formulations,Helix Site 1,2023-01-15,United States,Biologics,Surveillance,NAI,no,0,Quality assurance,,2023
SYN-00149,SYN-FEI-0051,Helix Formulations,Helix Site 1,2023-04-15,United States,Biologics,Surveillance,NAI,no,0,Quality assurance,,2023
SYN-00150,SYN-FEI-0051,Helix Formulations,Helix Site 1,2023-07-15,United States,Biologics,Surveillance,NAI,no,0,Quality assurance,,2023
SYN-00151,SYN-FEI-0051,Helix Formulations,Helix Site 1,2024-01-15,United States,Biologics,Surveillance,NAI,no,0,Quality assurance,,2024
SYN-00152,SYN-FEI-0051,Helix Formulations,Helix Site 1,2024-04-15,United States,Biologics,Surveillance,VAI,yes,3,Quality assurance,Process validation did not establish reproducible manufacturing controls. CAPA effectiveness was not verified after repeated deviations.,2024
SYN-00153,SYN-FEI-0051,Helix Formulations,Helix Site 1,2025-01-15,United States,Biologics,Surveillance,OAI,yes,6,Quality assurance,Documentation was incomplete; batch records lacked review signatures. Process validation did not establish reproducible manufacturing controls.,2025
SYN-00154,SYN-FEI-0051,Helix Formulations,Helix Site 1,2025-04-15,United States,Biologics,Surveillance,OAI,yes,7,Quality assurance,Documentation was incomplete; batch records lacked review signatures. Audit trail disabled; data integrity controls failed and records were deleted.,2025
SYN-00155,SYN-FEI-0051,Helix Formulations,Helix Site 1,2025-07-15,United States,Biologics,Surveillance,NAI,no,0,Quality assurance,,2025
SYN-00156,SYN-FEI-0051,Helix Formulations,Helix Site 1,2026-01-15,United States,Biologics,Surveillance,VAI,yes,2,Quality assurance,Documentation was incomplete; batch records lacked review signatures. Laboratory controls did not include instrument calibration verification.,2026
SYN-00157,SYN-FEI-0051,Helix Formulations,Helix Site 1,2026-04-15,United States,Biologics,Surveillance,VAI,yes,5,Quality assurance,Audit trail disabled; data integrity controls failed and records were deleted. Documentation was incomplete; batch records lacked review signatures.,2026
SYN-00158,SYN-FEI-0052,Helix Formulations,Helix Site 2,2020-01-15,United States,Biologics,Surveillance,NAI,no,0,Quality assurance,,2020
SYN-00159,SYN-FEI-0052,Helix Formulations,Helix Site 2,2020-04-15,United States,Biologics,Surveillance,OAI,yes,3,Quality assurance,Audit trail disabled; data integrity controls failed and records were deleted. Process validation did not establish reproducible manufacturing controls.,2020
SYN-00160,SYN-FEI-0052,Helix Formulations,Helix Site 2,2020-07-15,United States,Biologics,Surveillance,OAI,yes,5,Quality assurance,OOS investigation lacked a documented root cause and follow-up testing. Documentation was incomplete; batch records lacked review signatures.,2020
SYN-00161,SYN-FEI-0052,Helix Formulations,Helix Site 2,2021-01-15,United States,Biologics,Surveillance,NAI,no,0,Quality assurance,,2021
SYN-00162,SYN-FEI-0052,Helix Formulations,Helix Site 2,2021-04-15,United States,Biologics,Surveillance,OAI,yes,3,Quality assurance,Laboratory controls did not include instrument calibration verification. Process validation did not establish reproducible manufacturing controls.,2021
SYN-00163,SYN-FEI-0052,Helix Formulations,Helix Site 2,2022-01-15,United States,Biologics,Surveillance,VAI,yes,5,Quality assurance,Documentation was incomplete; batch records lacked review signatures. Process validation did not establish reproducible manufacturing controls.,2022
SYN-00164,SYN-FEI-0052,Helix Formulations,Helix Site 2,2022-04-15,United States,Biologics,Surveillance,OAI,yes,7,Quality assurance,OOS investigation lacked a documented root cause and follow-up testing. Audit trail disabled; data integrity controls failed and records were deleted.,2022
SYN-00165,SYN-FEI-0052,Helix Formulations,Helix Site 2,2022-07-15,United States,Biologics,Surveillance,NAI,no,0,Quality assurance,,2022
SYN-00166,SYN-FEI-0052,Helix Formulations,Helix Site 2,2023-01-15,United States,Biologics,Surveillance,OAI,yes,6,Quality assurance,OOS investigation lacked a documented root cause and follow-up testing. Laboratory controls did not include instrument calibration verification.,2023
SYN-00167,SYN-FEI-0052,Helix Formulations,Helix Site 2,2023-04-15,United States,Biologics,Surveillance,OAI,yes,3,Quality assurance,OOS investigation lacked a documented root cause and follow-up testing. Laboratory controls did not include instrument calibration verification.,2023
SYN-00168,SYN-FEI-0052,Helix Formulations,Helix Site 2,2024-01-15,United States,Biologics,Surveillance,NAI,no,0,Quality assurance,,2024
SYN-00169,SYN-FEI-0052,Helix Formulations,Helix Site 2,2024-04-15,United States,Biologics,Surveillance,VAI,yes,5,Quality assurance,Process validation did not establish reproducible manufacturing controls. Documentation was incomplete; batch records lacked review signatures.,2024
SYN-00170,SYN-FEI-0052,Helix Formulations,Helix Site 2,2024-07-15,United States,Biologics,Surveillance,VAI,yes,4,Quality assurance,Documentation was incomplete; batch records lacked review signatures. OOS investigation lacked a documented root cause and follow-up testing.,2024
SYN-00171,SYN-FEI-0052,Helix Formulations,Helix Site 2,2025-01-15,United States,Biologics,Surveillance,VAI,yes,7,Quality assurance,Process validation did not establish reproducible manufacturing controls. OOS investigation lacked a documented root cause and follow-up testing.,2025
SYN-00172,SYN-FEI-0052,Helix Formulations,Helix Site 2,2025-04-15,United States,Biologics,Surveillance,VAI,yes,5,Quality assurance,Documentation was incomplete; batch records lacked review signatures. Audit trail disabled; data integrity controls failed and records were deleted.,2025
SYN-00173,SYN-FEI-0052,Helix Formulations,Helix Site 2,2026-01-15,United States,Biologics,Surveillance,VAI,yes,6,Quality assurance,OOS investigation lacked a documented root cause and follow-up testing. Laboratory controls did not include instrument calibration verification.,2026
SYN-00174,SYN-FEI-0052,Helix Formulations,Helix Site 2,2026-04-15,United States,Biologics,Surveillance,OAI,yes,4,Quality assurance,OOS investigation lacked a documented root cause and follow-up testing. CAPA effectiveness was not verified after repeated deviations.,2026
SYN-00175,SYN-FEI-0052,Helix Formulations,Helix Site 2,2026-07-15,United States,Biologics,Surveillance,NAI,no,0,Quality assurance,,2026
SYN-00176,SYN-FEI-0061,Summit Medical,Summit Site 1,2020-01-15,Ireland,Devices,Surveillance,OAI,yes,3,Quality assurance,Documentation was incomplete; batch records lacked review signatures. Process validation did not establish reproducible manufacturing controls.,2020
SYN-00177,SYN-FEI-0061,Summit Medical,Summit Site 1,2020-04-15,Ireland,Devices,Surveillance,VAI,yes,7,Quality assurance,CAPA effectiveness was not verified after repeated deviations. Documentation was incomplete; batch records lacked review signatures.,2020
SYN-00178,SYN-FEI-0061,Summit Medical,Summit Site 1,2020-07-15,Ireland,Devices,Surveillance,NAI,no,0,Quality assurance,,2020
SYN-00179,SYN-FEI-0061,Summit Medical,Summit Site 1,2021-01-15,Ireland,Devices,Surveillance,NAI,no,0,Quality assurance,,2021
SYN-00180,SYN-FEI-0061,Summit Medical,Summit Site 1,2021-04-15,Ireland,Devices,Surveillance,NAI,no,0,Quality assurance,,2021
SYN-00181,SYN-FEI-0061,Summit Medical,Summit Site 1,2022-01-15,Ireland,Devices,Surveillance,VAI,yes,4,Quality assurance,Audit trail disabled; data integrity controls failed and records were deleted. OOS investigation lacked a documented root cause and follow-up testing.,2022
SYN-00182,SYN-FEI-0061,Summit Medical,Summit Site 1,2022-04-15,Ireland,Devices,Surveillance,VAI,yes,5,Quality assurance,OOS investigation lacked a documented root cause and follow-up testing. Process validation did not establish reproducible manufacturing controls.,2022
SYN-00183,SYN-FEI-0061,Summit Medical,Summit Site 1,2022-07-15,Ireland,Devices,Surveillance,VAI,yes,3,Quality assurance,OOS investigation lacked a documented root cause and follow-up testing. Laboratory controls did not include instrument calibration verification.,2022
SYN-00184,SYN-FEI-0061,Summit Medical,Summit Site 1,2023-01-15,Ireland,Devices,Surveillance,NAI,no,0,Quality assurance,,2023
SYN-00185,SYN-FEI-0061,Summit Medical,Summit Site 1,2023-04-15,Ireland,Devices,Surveillance,NAI,no,0,Quality assurance,,2023
SYN-00186,SYN-FEI-0061,Summit Medical,Summit Site 1,2024-01-15,Ireland,Devices,Surveillance,NAI,no,0,Quality assurance,,2024
SYN-00187,SYN-FEI-0061,Summit Medical,Summit Site 1,2024-04-15,Ireland,Devices,Surveillance,VAI,yes,7,Quality assurance,CAPA effectiveness was not verified after repeated deviations. Laboratory controls did not include instrument calibration verification.,2024
SYN-00188,SYN-FEI-0061,Summit Medical,Summit Site 1,2024-07-15,Ireland,Devices,Surveillance,NAI,no,0,Quality assurance,,2024
SYN-00189,SYN-FEI-0061,Summit Medical,Summit Site 1,2025-01-15,Ireland,Devices,Surveillance,NAI,no,0,Quality assurance,,2025
SYN-00190,SYN-FEI-0061,Summit Medical,Summit Site 1,2025-04-15,Ireland,Devices,Surveillance,NAI,no,0,Quality assurance,,2025
SYN-00191,SYN-FEI-0061,Summit Medical,Summit Site 1,2026-01-15,Ireland,Devices,Surveillance,OAI,yes,3,Quality assurance,Documentation was incomplete; batch records lacked review signatures. Audit trail disabled; data integrity controls failed and records were deleted.,2026
SYN-00192,SYN-FEI-0061,Summit Medical,Summit Site 1,2026-04-15,Ireland,Devices,Surveillance,NAI,no,0,Quality assurance,,2026
SYN-00193,SYN-FEI-0061,Summit Medical,Summit Site 1,2026-07-15,Ireland,Devices,Surveillance,OAI,yes,4,Quality assurance,Laboratory controls did not include instrument calibration verification. Process validation did not establish reproducible manufacturing controls.,2026
SYN-00194,SYN-FEI-0062,Summit Medical,Summit Site 2,2020-01-15,Ireland,Devices,Surveillance,NAI,no,0,Quality assurance,,2020
SYN-00195,SYN-FEI-0062,Summit Medical,Summit Site 2,2020-04-15,Ireland,Devices,Surveillance,OAI,yes,2,Quality assurance,OOS investigation lacked a documented root cause and follow-up testing. Laboratory controls did not include instrument calibration verification.,2020
SYN-00196,SYN-FEI-0062,Summit Medical,Summit Site 2,2021-01-15,Ireland,Devices,Surveillance,NAI,no,0,Quality assurance,,2021
SYN-00197,SYN-FEI-0062,Summit Medical,Summit Site 2,2021-04-15,Ireland,Devices,Surveillance,NAI,no,0,Quality assurance,,2021
SYN-00198,SYN-FEI-0062,Summit Medical,Summit Site 2,2021-07-15,Ireland,Devices,Surveillance,OAI,yes,2,Quality assurance,CAPA effectiveness was not verified after repeated deviations. OOS investigation lacked a documented root cause and follow-up testing.,2021
SYN-00199,SYN-FEI-0062,Summit Medical,Summit Site 2,2022-01-15,Ireland,Devices,Surveillance,OAI,yes,2,Quality assurance,CAPA effectiveness was not verified after repeated deviations. Process validation did not establish reproducible manufacturing controls.,2022
SYN-00200,SYN-FEI-0062,Summit Medical,Summit Site 2,2022-04-15,Ireland,Devices,Surveillance,NAI,no,0,Quality assurance,,2022
SYN-00201,SYN-FEI-0062,Summit Medical,Summit Site 2,2023-01-15,Ireland,Devices,Surveillance,VAI,yes,6,Quality assurance,Laboratory controls did not include instrument calibration verification. OOS investigation lacked a documented root cause and follow-up testing.,2023
SYN-00202,SYN-FEI-0062,Summit Medical,Summit Site 2,2023-04-15,Ireland,Devices,Surveillance,NAI,no,0,Quality assurance,,2023
SYN-00203,SYN-FEI-0062,Summit Medical,Summit Site 2,2023-07-15,Ireland,Devices,Surveillance,NAI,no,0,Quality assurance,,2023
SYN-00204,SYN-FEI-0062,Summit Medical,Summit Site 2,2024-01-15,Ireland,Devices,Surveillance,OAI,yes,7,Quality assurance,Audit trail disabled; data integrity controls failed and records were deleted. Laboratory controls did not include instrument calibration verification.,2024
SYN-00205,SYN-FEI-0062,Summit Medical,Summit Site 2,2024-04-15,Ireland,Devices,Surveillance,OAI,yes,2,Quality assurance,Documentation was incomplete; batch records lacked review signatures. Process validation did not establish reproducible manufacturing controls.,2024
SYN-00206,SYN-FEI-0062,Summit Medical,Summit Site 2,2025-01-15,Ireland,Devices,Surveillance,NAI,no,0,Quality assurance,,2025
SYN-00207,SYN-FEI-0062,Summit Medical,Summit Site 2,2025-04-15,Ireland,Devices,Surveillance,VAI,yes,5,Quality assurance,Process validation did not establish reproducible manufacturing controls. Audit trail disabled; data integrity controls failed and records were deleted.,2025
SYN-00208,SYN-FEI-0062,Summit Medical,Summit Site 2,2025-07-15,Ireland,Devices,Surveillance,NAI,no,0,Quality assurance,,2025
SYN-00209,SYN-FEI-0062,Summit Medical,Summit Site 2,2026-01-15,Ireland,Devices,Surveillance,VAI,yes,3,Quality assurance,OOS investigation lacked a documented root cause and follow-up testing. Documentation was incomplete; batch records lacked review signatures.,2026
SYN-00210,SYN-FEI-0062,Summit Medical,Summit Site 2,2026-04-15,Ireland,Devices,Surveillance,NAI,no,0,Quality assurance,,2026
SYN-00001,SYN-FEI-0011,Aster Therapeutics,Aster Site 1,2020-01-15,India,Drugs,Surveillance,NAI,no,0,Quality assurance,,2020
SYN-BAD-DATE,SYN-FEI-999,Example Invalid,Example,not-a-date,India,Drugs,Surveillance,OAI,yes,3,Quality,CAPA,2024
SYN-UNKNOWN,SYN-FEI-999,Example Unclassified,Example,2025-06-01,India,Drugs,Surveillance,PENDING,,,Quality,,2025
