observation_id,inspection_id,company_name,site_name,inspection_date,observation_number,observation_text,synthetic,template_id,format_source_url,source_locator,expected_category,expected_severity,expected_themes,label_authority,review,error,version,prediction.category,prediction.themes,prediction.theme,prediction.severity,prediction.evidence_quotes,prediction.confidence,prediction.source,prediction.model,prediction.rubric_version,prediction.review_status,prediction.reason
DEMO-0-2023-01,DEMO-INS-0-2023,Aster Demonstration,Fictional site 1,2023-04-15,1,Audit trail controls failed; original records were deleted.,True,FORMAT-483-01,https://www.fda.gov/about-fda/montana-compounding-pharmacy-pc-missoula-mt-483-issued-09202016,"Form header fields and numbered observations, pages 1-3; wording and labels independently authored",Records and data integrity,Critical,['Data Integrity'],developer fixture; not expert ground truth,,,1,Records and data integrity,['Data Integrity'],Data Integrity,Critical,['Audit trail controls failed; original records were deleted.'],,rules,,2.0,pending,"Explicit falsification, deleted original records, or contamination affecting released product."
DEMO-0-2023-02,DEMO-INS-0-2023,Aster Demonstration,Fictional site 1,2023-04-15,2,The laboratory failed to investigate repeated OOS results.,True,FORMAT-483-02,https://www.fda.gov/about-fda/montana-compounding-pharmacy-pc-missoula-mt-483-issued-09202016,"Form header fields and numbered observations, pages 1-3; wording and labels independently authored",Laboratory controls,High,"['OOS Investigation', 'Laboratory Controls']",developer fixture; not expert ground truth,,,1,Laboratory controls,"['OOS Investigation', 'Laboratory Controls']",OOS Investigation,High,['The laboratory failed to investigate repeated OOS results.'],,rules,,2.0,pending,"Explicit failed, repeated, disabled or missing investigation/control."
DEMO-0-2023-03,DEMO-INS-0-2023,Aster Demonstration,Fictional site 1,2023-04-15,3,CAPA effectiveness was not verified.,True,FORMAT-483-03,https://www.fda.gov/about-fda/montana-compounding-pharmacy-pc-missoula-mt-483-issued-09202016,"Form header fields and numbered observations, pages 1-3; wording and labels independently authored",Quality management,Medium,['CAPA'],developer fixture; not expert ground truth,,,1,Quality management,['CAPA'],CAPA,Medium,['CAPA effectiveness was not verified.'],,rules,,2.0,pending,Identified incomplete or inadequate control without an explicit higher-severity signal.
DEMO-0-2023-04,DEMO-INS-0-2023,Aster Demonstration,Fictional site 1,2023-04-15,4,Documentation was incomplete for the batch records.,True,FORMAT-483-04,https://www.fda.gov/about-fda/montana-compounding-pharmacy-pc-missoula-mt-483-issued-09202016,"Form header fields and numbered observations, pages 1-3; wording and labels independently authored",Records and data integrity,Medium,['Documentation'],developer fixture; not expert ground truth,,,1,Records and data integrity,['Documentation'],Documentation,Medium,['Documentation was incomplete for the batch records.'],,rules,,2.0,pending,Identified incomplete or inadequate control without an explicit higher-severity signal.
DEMO-0-2023-05,DEMO-INS-0-2023,Aster Demonstration,Fictional site 1,2023-04-15,5,Equipment calibration verification was incomplete.,True,FORMAT-483-05,https://www.fda.gov/about-fda/montana-compounding-pharmacy-pc-missoula-mt-483-issued-09202016,"Form header fields and numbered observations, pages 1-3; wording and labels independently authored",Laboratory controls,Medium,"['Laboratory Controls', 'Equipment']",developer fixture; not expert ground truth,,,1,Laboratory controls,"['Laboratory Controls', 'Equipment']",Laboratory Controls,Medium,['Equipment calibration verification was incomplete.'],,rules,,2.0,pending,Identified incomplete or inadequate control without an explicit higher-severity signal.
DEMO-0-2023-06,DEMO-INS-0-2023,Aster Demonstration,Fictional site 1,2023-04-15,6,Process validation did not establish reproducible manufacturing controls.,True,FORMAT-483-06,https://www.fda.gov/about-fda/montana-compounding-pharmacy-pc-missoula-mt-483-issued-09202016,"Form header fields and numbered observations, pages 1-3; wording and labels independently authored",Production and validation,Medium,"['Manufacturing Controls', 'Validation']",developer fixture; not expert ground truth,,,1,Production and validation,"['Manufacturing Controls', 'Validation']",Manufacturing Controls,Medium,['Process validation did not establish reproducible manufacturing controls.'],,rules,,2.0,pending,Identified incomplete or inadequate control without an explicit higher-severity signal.
DEMO-0-2023-07,DEMO-INS-0-2023,Aster Demonstration,Fictional site 1,2023-04-15,7,Training records were incomplete.,True,FORMAT-483-07,https://www.fda.gov/about-fda/montana-compounding-pharmacy-pc-missoula-mt-483-issued-09202016,"Form header fields and numbered observations, pages 1-3; wording and labels independently authored",Personnel and training,Medium,['Training'],developer fixture; not expert ground truth,,,1,Personnel and training,['Training'],Training,Medium,['Training records were incomplete.'],,rules,,2.0,pending,Identified incomplete or inadequate control without an explicit higher-severity signal.
DEMO-0-2023-08,DEMO-INS-0-2023,Aster Demonstration,Fictional site 1,2023-04-15,8,An isolated administrative documentation error had no product impact.,True,FORMAT-483-08,https://www.fda.gov/about-fda/montana-compounding-pharmacy-pc-missoula-mt-483-issued-09202016,"Form header fields and numbered observations, pages 1-3; wording and labels independently authored",Records and data integrity,Low,['Documentation'],developer fixture; not expert ground truth,,,1,Records and data integrity,['Documentation'],Documentation,Low,['An isolated administrative documentation error had no product impact.'],,rules,,2.0,pending,Explicit isolated administrative issue with stated absence of product impact.
DEMO-0-2023-09,DEMO-INS-0-2023,Aster Demonstration,Fictional site 1,2023-04-15,9,No evidence of audit trail failures was observed.,True,FORMAT-483-09,https://www.fda.gov/about-fda/montana-compounding-pharmacy-pc-missoula-mt-483-issued-09202016,"Form header fields and numbered observations, pages 1-3; wording and labels independently authored",Unclassified,Insufficient evidence,[],developer fixture; not expert ground truth,,,1,Unclassified,[],Unclassified,Insufficient evidence,[],,rules,,2.0,pending,"No supported deficiency, ambiguous or negated text, or too little context."
DEMO-0-2023-10,DEMO-INS-0-2023,Aster Demonstration,Fictional site 1,2023-04-15,10,The computer access control was disabled.,True,FORMAT-483-10,https://www.fda.gov/about-fda/montana-compounding-pharmacy-pc-missoula-mt-483-issued-09202016,"Form header fields and numbered observations, pages 1-3; wording and labels independently authored",Records and data integrity,High,['Computer Systems'],developer fixture; not expert ground truth,,,1,Records and data integrity,['Computer Systems'],Computer Systems,High,['The computer access control was disabled.'],,rules,,2.0,pending,"Explicit failed, repeated, disabled or missing investigation/control."
DEMO-0-2023-11,DEMO-INS-0-2023,Aster Demonstration,Fictional site 1,2023-04-15,11,The quality unit failed to review repeated deviation reports.,True,FORMAT-483-11,https://www.fda.gov/about-fda/montana-compounding-pharmacy-pc-missoula-mt-483-issued-09202016,"Form header fields and numbered observations, pages 1-3; wording and labels independently authored",Quality management,High,"['Quality Systems', 'Deviation Management']",developer fixture; not expert ground truth,,,1,Quality management,"['Quality Systems', 'Deviation Management']",Quality Systems,High,['The quality unit failed to review repeated deviation reports.'],,rules,,2.0,pending,"Explicit failed, repeated, disabled or missing investigation/control."
DEMO-0-2023-12,DEMO-INS-0-2023,Aster Demonstration,Fictional site 1,2023-04-15,12,Equipment maintenance was incomplete.,True,FORMAT-483-12,https://www.fda.gov/about-fda/montana-compounding-pharmacy-pc-missoula-mt-483-issued-09202016,"Form header fields and numbered observations, pages 1-3; wording and labels independently authored",Facilities and equipment,Medium,['Equipment'],developer fixture; not expert ground truth,,,1,Facilities and equipment,['Equipment'],Equipment,Medium,['Equipment maintenance was incomplete.'],,rules,,2.0,pending,Identified incomplete or inadequate control without an explicit higher-severity signal.
DEMO-0-2024-01,DEMO-INS-0-2024,Aster Demonstration,Fictional site 1,2024-04-15,1,Audit trail controls failed; original records were deleted.,True,FORMAT-483-01,https://www.fda.gov/about-fda/montana-compounding-pharmacy-pc-missoula-mt-483-issued-09202016,"Form header fields and numbered observations, pages 1-3; wording and labels independently authored",Records and data integrity,Critical,['Data Integrity'],developer fixture; not expert ground truth,,,1,Records and data integrity,['Data Integrity'],Data Integrity,Critical,['Audit trail controls failed; original records were deleted.'],,rules,,2.0,pending,"Explicit falsification, deleted original records, or contamination affecting released product."
DEMO-0-2024-02,DEMO-INS-0-2024,Aster Demonstration,Fictional site 1,2024-04-15,2,The laboratory failed to investigate repeated OOS results.,True,FORMAT-483-02,https://www.fda.gov/about-fda/montana-compounding-pharmacy-pc-missoula-mt-483-issued-09202016,"Form header fields and numbered observations, pages 1-3; wording and labels independently authored",Laboratory controls,High,"['OOS Investigation', 'Laboratory Controls']",developer fixture; not expert ground truth,,,1,Laboratory controls,"['OOS Investigation', 'Laboratory Controls']",OOS Investigation,High,['The laboratory failed to investigate repeated OOS results.'],,rules,,2.0,pending,"Explicit failed, repeated, disabled or missing investigation/control."
DEMO-0-2024-03,DEMO-INS-0-2024,Aster Demonstration,Fictional site 1,2024-04-15,3,CAPA effectiveness was not verified.,True,FORMAT-483-03,https://www.fda.gov/about-fda/montana-compounding-pharmacy-pc-missoula-mt-483-issued-09202016,"Form header fields and numbered observations, pages 1-3; wording and labels independently authored",Quality management,Medium,['CAPA'],developer fixture; not expert ground truth,,,1,Quality management,['CAPA'],CAPA,Medium,['CAPA effectiveness was not verified.'],,rules,,2.0,pending,Identified incomplete or inadequate control without an explicit higher-severity signal.
DEMO-0-2024-04,DEMO-INS-0-2024,Aster Demonstration,Fictional site 1,2024-04-15,4,Documentation was incomplete for the batch records.,True,FORMAT-483-04,https://www.fda.gov/about-fda/montana-compounding-pharmacy-pc-missoula-mt-483-issued-09202016,"Form header fields and numbered observations, pages 1-3; wording and labels independently authored",Records and data integrity,Medium,['Documentation'],developer fixture; not expert ground truth,,,1,Records and data integrity,['Documentation'],Documentation,Medium,['Documentation was incomplete for the batch records.'],,rules,,2.0,pending,Identified incomplete or inadequate control without an explicit higher-severity signal.
DEMO-0-2024-05,DEMO-INS-0-2024,Aster Demonstration,Fictional site 1,2024-04-15,5,Equipment calibration verification was incomplete.,True,FORMAT-483-05,https://www.fda.gov/about-fda/montana-compounding-pharmacy-pc-missoula-mt-483-issued-09202016,"Form header fields and numbered observations, pages 1-3; wording and labels independently authored",Laboratory controls,Medium,"['Laboratory Controls', 'Equipment']",developer fixture; not expert ground truth,,,1,Laboratory controls,"['Laboratory Controls', 'Equipment']",Laboratory Controls,Medium,['Equipment calibration verification was incomplete.'],,rules,,2.0,pending,Identified incomplete or inadequate control without an explicit higher-severity signal.
DEMO-0-2024-06,DEMO-INS-0-2024,Aster Demonstration,Fictional site 1,2024-04-15,6,Process validation did not establish reproducible manufacturing controls.,True,FORMAT-483-06,https://www.fda.gov/about-fda/montana-compounding-pharmacy-pc-missoula-mt-483-issued-09202016,"Form header fields and numbered observations, pages 1-3; wording and labels independently authored",Production and validation,Medium,"['Manufacturing Controls', 'Validation']",developer fixture; not expert ground truth,,,1,Production and validation,"['Manufacturing Controls', 'Validation']",Manufacturing Controls,Medium,['Process validation did not establish reproducible manufacturing controls.'],,rules,,2.0,pending,Identified incomplete or inadequate control without an explicit higher-severity signal.
DEMO-0-2024-07,DEMO-INS-0-2024,Aster Demonstration,Fictional site 1,2024-04-15,7,Training records were incomplete.,True,FORMAT-483-07,https://www.fda.gov/about-fda/montana-compounding-pharmacy-pc-missoula-mt-483-issued-09202016,"Form header fields and numbered observations, pages 1-3; wording and labels independently authored",Personnel and training,Medium,['Training'],developer fixture; not expert ground truth,,,1,Personnel and training,['Training'],Training,Medium,['Training records were incomplete.'],,rules,,2.0,pending,Identified incomplete or inadequate control without an explicit higher-severity signal.
DEMO-0-2024-08,DEMO-INS-0-2024,Aster Demonstration,Fictional site 1,2024-04-15,8,An isolated administrative documentation error had no product impact.,True,FORMAT-483-08,https://www.fda.gov/about-fda/montana-compounding-pharmacy-pc-missoula-mt-483-issued-09202016,"Form header fields and numbered observations, pages 1-3; wording and labels independently authored",Records and data integrity,Low,['Documentation'],developer fixture; not expert ground truth,,,1,Records and data integrity,['Documentation'],Documentation,Low,['An isolated administrative documentation error had no product impact.'],,rules,,2.0,pending,Explicit isolated administrative issue with stated absence of product impact.
DEMO-0-2024-09,DEMO-INS-0-2024,Aster Demonstration,Fictional site 1,2024-04-15,9,No evidence of audit trail failures was observed.,True,FORMAT-483-09,https://www.fda.gov/about-fda/montana-compounding-pharmacy-pc-missoula-mt-483-issued-09202016,"Form header fields and numbered observations, pages 1-3; wording and labels independently authored",Unclassified,Insufficient evidence,[],developer fixture; not expert ground truth,,,1,Unclassified,[],Unclassified,Insufficient evidence,[],,rules,,2.0,pending,"No supported deficiency, ambiguous or negated text, or too little context."
DEMO-0-2024-10,DEMO-INS-0-2024,Aster Demonstration,Fictional site 1,2024-04-15,10,The computer access control was disabled.,True,FORMAT-483-10,https://www.fda.gov/about-fda/montana-compounding-pharmacy-pc-missoula-mt-483-issued-09202016,"Form header fields and numbered observations, pages 1-3; wording and labels independently authored",Records and data integrity,High,['Computer Systems'],developer fixture; not expert ground truth,,,1,Records and data integrity,['Computer Systems'],Computer Systems,High,['The computer access control was disabled.'],,rules,,2.0,pending,"Explicit failed, repeated, disabled or missing investigation/control."
DEMO-0-2024-11,DEMO-INS-0-2024,Aster Demonstration,Fictional site 1,2024-04-15,11,The quality unit failed to review repeated deviation reports.,True,FORMAT-483-11,https://www.fda.gov/about-fda/montana-compounding-pharmacy-pc-missoula-mt-483-issued-09202016,"Form header fields and numbered observations, pages 1-3; wording and labels independently authored",Quality management,High,"['Quality Systems', 'Deviation Management']",developer fixture; not expert ground truth,,,1,Quality management,"['Quality Systems', 'Deviation Management']",Quality Systems,High,['The quality unit failed to review repeated deviation reports.'],,rules,,2.0,pending,"Explicit failed, repeated, disabled or missing investigation/control."
DEMO-0-2024-12,DEMO-INS-0-2024,Aster Demonstration,Fictional site 1,2024-04-15,12,Equipment maintenance was incomplete.,True,FORMAT-483-12,https://www.fda.gov/about-fda/montana-compounding-pharmacy-pc-missoula-mt-483-issued-09202016,"Form header fields and numbered observations, pages 1-3; wording and labels independently authored",Facilities and equipment,Medium,['Equipment'],developer fixture; not expert ground truth,,,1,Facilities and equipment,['Equipment'],Equipment,Medium,['Equipment maintenance was incomplete.'],,rules,,2.0,pending,Identified incomplete or inadequate control without an explicit higher-severity signal.
DEMO-0-2025-01,DEMO-INS-0-2025,Aster Demonstration,Fictional site 1,2025-04-15,1,Audit trail controls failed; original records were deleted.,True,FORMAT-483-01,https://www.fda.gov/about-fda/montana-compounding-pharmacy-pc-missoula-mt-483-issued-09202016,"Form header fields and numbered observations, pages 1-3; wording and labels independently authored",Records and data integrity,Critical,['Data Integrity'],developer fixture; not expert ground truth,,,1,Records and data integrity,['Data Integrity'],Data Integrity,Critical,['Audit trail controls failed; original records were deleted.'],,rules,,2.0,pending,"Explicit falsification, deleted original records, or contamination affecting released product."
DEMO-0-2025-02,DEMO-INS-0-2025,Aster Demonstration,Fictional site 1,2025-04-15,2,The laboratory failed to investigate repeated OOS results.,True,FORMAT-483-02,https://www.fda.gov/about-fda/montana-compounding-pharmacy-pc-missoula-mt-483-issued-09202016,"Form header fields and numbered observations, pages 1-3; wording and labels independently authored",Laboratory controls,High,"['OOS Investigation', 'Laboratory Controls']",developer fixture; not expert ground truth,,,1,Laboratory controls,"['OOS Investigation', 'Laboratory Controls']",OOS Investigation,High,['The laboratory failed to investigate repeated OOS results.'],,rules,,2.0,pending,"Explicit failed, repeated, disabled or missing investigation/control."
DEMO-0-2025-03,DEMO-INS-0-2025,Aster Demonstration,Fictional site 1,2025-04-15,3,CAPA effectiveness was not verified.,True,FORMAT-483-03,https://www.fda.gov/about-fda/montana-compounding-pharmacy-pc-missoula-mt-483-issued-09202016,"Form header fields and numbered observations, pages 1-3; wording and labels independently authored",Quality management,Medium,['CAPA'],developer fixture; not expert ground truth,,,1,Quality management,['CAPA'],CAPA,Medium,['CAPA effectiveness was not verified.'],,rules,,2.0,pending,Identified incomplete or inadequate control without an explicit higher-severity signal.
DEMO-0-2025-04,DEMO-INS-0-2025,Aster Demonstration,Fictional site 1,2025-04-15,4,Documentation was incomplete for the batch records.,True,FORMAT-483-04,https://www.fda.gov/about-fda/montana-compounding-pharmacy-pc-missoula-mt-483-issued-09202016,"Form header fields and numbered observations, pages 1-3; wording and labels independently authored",Records and data integrity,Medium,['Documentation'],developer fixture; not expert ground truth,,,1,Records and data integrity,['Documentation'],Documentation,Medium,['Documentation was incomplete for the batch records.'],,rules,,2.0,pending,Identified incomplete or inadequate control without an explicit higher-severity signal.
DEMO-0-2025-05,DEMO-INS-0-2025,Aster Demonstration,Fictional site 1,2025-04-15,5,Equipment calibration verification was incomplete.,True,FORMAT-483-05,https://www.fda.gov/about-fda/montana-compounding-pharmacy-pc-missoula-mt-483-issued-09202016,"Form header fields and numbered observations, pages 1-3; wording and labels independently authored",Laboratory controls,Medium,"['Laboratory Controls', 'Equipment']",developer fixture; not expert ground truth,,,1,Laboratory controls,"['Laboratory Controls', 'Equipment']",Laboratory Controls,Medium,['Equipment calibration verification was incomplete.'],,rules,,2.0,pending,Identified incomplete or inadequate control without an explicit higher-severity signal.
DEMO-0-2025-06,DEMO-INS-0-2025,Aster Demonstration,Fictional site 1,2025-04-15,6,Process validation did not establish reproducible manufacturing controls.,True,FORMAT-483-06,https://www.fda.gov/about-fda/montana-compounding-pharmacy-pc-missoula-mt-483-issued-09202016,"Form header fields and numbered observations, pages 1-3; wording and labels independently authored",Production and validation,Medium,"['Manufacturing Controls', 'Validation']",developer fixture; not expert ground truth,,,1,Production and validation,"['Manufacturing Controls', 'Validation']",Manufacturing Controls,Medium,['Process validation did not establish reproducible manufacturing controls.'],,rules,,2.0,pending,Identified incomplete or inadequate control without an explicit higher-severity signal.
DEMO-0-2025-07,DEMO-INS-0-2025,Aster Demonstration,Fictional site 1,2025-04-15,7,Training records were incomplete.,True,FORMAT-483-07,https://www.fda.gov/about-fda/montana-compounding-pharmacy-pc-missoula-mt-483-issued-09202016,"Form header fields and numbered observations, pages 1-3; wording and labels independently authored",Personnel and training,Medium,['Training'],developer fixture; not expert ground truth,,,1,Personnel and training,['Training'],Training,Medium,['Training records were incomplete.'],,rules,,2.0,pending,Identified incomplete or inadequate control without an explicit higher-severity signal.
DEMO-0-2025-08,DEMO-INS-0-2025,Aster Demonstration,Fictional site 1,2025-04-15,8,An isolated administrative documentation error had no product impact.,True,FORMAT-483-08,https://www.fda.gov/about-fda/montana-compounding-pharmacy-pc-missoula-mt-483-issued-09202016,"Form header fields and numbered observations, pages 1-3; wording and labels independently authored",Records and data integrity,Low,['Documentation'],developer fixture; not expert ground truth,,,1,Records and data integrity,['Documentation'],Documentation,Low,['An isolated administrative documentation error had no product impact.'],,rules,,2.0,pending,Explicit isolated administrative issue with stated absence of product impact.
DEMO-0-2025-09,DEMO-INS-0-2025,Aster Demonstration,Fictional site 1,2025-04-15,9,No evidence of audit trail failures was observed.,True,FORMAT-483-09,https://www.fda.gov/about-fda/montana-compounding-pharmacy-pc-missoula-mt-483-issued-09202016,"Form header fields and numbered observations, pages 1-3; wording and labels independently authored",Unclassified,Insufficient evidence,[],developer fixture; not expert ground truth,,,1,Unclassified,[],Unclassified,Insufficient evidence,[],,rules,,2.0,pending,"No supported deficiency, ambiguous or negated text, or too little context."
DEMO-0-2025-10,DEMO-INS-0-2025,Aster Demonstration,Fictional site 1,2025-04-15,10,The computer access control was disabled.,True,FORMAT-483-10,https://www.fda.gov/about-fda/montana-compounding-pharmacy-pc-missoula-mt-483-issued-09202016,"Form header fields and numbered observations, pages 1-3; wording and labels independently authored",Records and data integrity,High,['Computer Systems'],developer fixture; not expert ground truth,,,1,Records and data integrity,['Computer Systems'],Computer Systems,High,['The computer access control was disabled.'],,rules,,2.0,pending,"Explicit failed, repeated, disabled or missing investigation/control."
DEMO-0-2025-11,DEMO-INS-0-2025,Aster Demonstration,Fictional site 1,2025-04-15,11,The quality unit failed to review repeated deviation reports.,True,FORMAT-483-11,https://www.fda.gov/about-fda/montana-compounding-pharmacy-pc-missoula-mt-483-issued-09202016,"Form header fields and numbered observations, pages 1-3; wording and labels independently authored",Quality management,High,"['Quality Systems', 'Deviation Management']",developer fixture; not expert ground truth,,,1,Quality management,"['Quality Systems', 'Deviation Management']",Quality Systems,High,['The quality unit failed to review repeated deviation reports.'],,rules,,2.0,pending,"Explicit failed, repeated, disabled or missing investigation/control."
DEMO-0-2025-12,DEMO-INS-0-2025,Aster Demonstration,Fictional site 1,2025-04-15,12,Equipment maintenance was incomplete.,True,FORMAT-483-12,https://www.fda.gov/about-fda/montana-compounding-pharmacy-pc-missoula-mt-483-issued-09202016,"Form header fields and numbered observations, pages 1-3; wording and labels independently authored",Facilities and equipment,Medium,['Equipment'],developer fixture; not expert ground truth,,,1,Facilities and equipment,['Equipment'],Equipment,Medium,['Equipment maintenance was incomplete.'],,rules,,2.0,pending,Identified incomplete or inadequate control without an explicit higher-severity signal.
DEMO-1-2023-01,DEMO-INS-1-2023,Cedar Demonstration,Fictional site 2,2023-04-15,1,Audit trail controls failed; original records were deleted.,True,FORMAT-483-01,https://www.fda.gov/about-fda/montana-compounding-pharmacy-pc-missoula-mt-483-issued-09202016,"Form header fields and numbered observations, pages 1-3; wording and labels independently authored",Records and data integrity,Critical,['Data Integrity'],developer fixture; not expert ground truth,,,1,Records and data integrity,['Data Integrity'],Data Integrity,Critical,['Audit trail controls failed; original records were deleted.'],,rules,,2.0,pending,"Explicit falsification, deleted original records, or contamination affecting released product."
DEMO-1-2023-02,DEMO-INS-1-2023,Cedar Demonstration,Fictional site 2,2023-04-15,2,The laboratory failed to investigate repeated OOS results.,True,FORMAT-483-02,https://www.fda.gov/about-fda/montana-compounding-pharmacy-pc-missoula-mt-483-issued-09202016,"Form header fields and numbered observations, pages 1-3; wording and labels independently authored",Laboratory controls,High,"['OOS Investigation', 'Laboratory Controls']",developer fixture; not expert ground truth,,,1,Laboratory controls,"['OOS Investigation', 'Laboratory Controls']",OOS Investigation,High,['The laboratory failed to investigate repeated OOS results.'],,rules,,2.0,pending,"Explicit failed, repeated, disabled or missing investigation/control."
DEMO-1-2023-03,DEMO-INS-1-2023,Cedar Demonstration,Fictional site 2,2023-04-15,3,CAPA effectiveness was not verified.,True,FORMAT-483-03,https://www.fda.gov/about-fda/montana-compounding-pharmacy-pc-missoula-mt-483-issued-09202016,"Form header fields and numbered observations, pages 1-3; wording and labels independently authored",Quality management,Medium,['CAPA'],developer fixture; not expert ground truth,,,1,Quality management,['CAPA'],CAPA,Medium,['CAPA effectiveness was not verified.'],,rules,,2.0,pending,Identified incomplete or inadequate control without an explicit higher-severity signal.
DEMO-1-2023-04,DEMO-INS-1-2023,Cedar Demonstration,Fictional site 2,2023-04-15,4,Documentation was incomplete for the batch records.,True,FORMAT-483-04,https://www.fda.gov/about-fda/montana-compounding-pharmacy-pc-missoula-mt-483-issued-09202016,"Form header fields and numbered observations, pages 1-3; wording and labels independently authored",Records and data integrity,Medium,['Documentation'],developer fixture; not expert ground truth,,,1,Records and data integrity,['Documentation'],Documentation,Medium,['Documentation was incomplete for the batch records.'],,rules,,2.0,pending,Identified incomplete or inadequate control without an explicit higher-severity signal.
DEMO-1-2023-05,DEMO-INS-1-2023,Cedar Demonstration,Fictional site 2,2023-04-15,5,Equipment calibration verification was incomplete.,True,FORMAT-483-05,https://www.fda.gov/about-fda/montana-compounding-pharmacy-pc-missoula-mt-483-issued-09202016,"Form header fields and numbered observations, pages 1-3; wording and labels independently authored",Laboratory controls,Medium,"['Laboratory Controls', 'Equipment']",developer fixture; not expert ground truth,,,1,Laboratory controls,"['Laboratory Controls', 'Equipment']",Laboratory Controls,Medium,['Equipment calibration verification was incomplete.'],,rules,,2.0,pending,Identified incomplete or inadequate control without an explicit higher-severity signal.
DEMO-1-2023-06,DEMO-INS-1-2023,Cedar Demonstration,Fictional site 2,2023-04-15,6,Process validation did not establish reproducible manufacturing controls.,True,FORMAT-483-06,https://www.fda.gov/about-fda/montana-compounding-pharmacy-pc-missoula-mt-483-issued-09202016,"Form header fields and numbered observations, pages 1-3; wording and labels independently authored",Production and validation,Medium,"['Manufacturing Controls', 'Validation']",developer fixture; not expert ground truth,,,1,Production and validation,"['Manufacturing Controls', 'Validation']",Manufacturing Controls,Medium,['Process validation did not establish reproducible manufacturing controls.'],,rules,,2.0,pending,Identified incomplete or inadequate control without an explicit higher-severity signal.
DEMO-1-2023-07,DEMO-INS-1-2023,Cedar Demonstration,Fictional site 2,2023-04-15,7,Training records were incomplete.,True,FORMAT-483-07,https://www.fda.gov/about-fda/montana-compounding-pharmacy-pc-missoula-mt-483-issued-09202016,"Form header fields and numbered observations, pages 1-3; wording and labels independently authored",Personnel and training,Medium,['Training'],developer fixture; not expert ground truth,,,1,Personnel and training,['Training'],Training,Medium,['Training records were incomplete.'],,rules,,2.0,pending,Identified incomplete or inadequate control without an explicit higher-severity signal.
DEMO-1-2023-08,DEMO-INS-1-2023,Cedar Demonstration,Fictional site 2,2023-04-15,8,An isolated administrative documentation error had no product impact.,True,FORMAT-483-08,https://www.fda.gov/about-fda/montana-compounding-pharmacy-pc-missoula-mt-483-issued-09202016,"Form header fields and numbered observations, pages 1-3; wording and labels independently authored",Records and data integrity,Low,['Documentation'],developer fixture; not expert ground truth,,,1,Records and data integrity,['Documentation'],Documentation,Low,['An isolated administrative documentation error had no product impact.'],,rules,,2.0,pending,Explicit isolated administrative issue with stated absence of product impact.
DEMO-1-2023-09,DEMO-INS-1-2023,Cedar Demonstration,Fictional site 2,2023-04-15,9,No evidence of audit trail failures was observed.,True,FORMAT-483-09,https://www.fda.gov/about-fda/montana-compounding-pharmacy-pc-missoula-mt-483-issued-09202016,"Form header fields and numbered observations, pages 1-3; wording and labels independently authored",Unclassified,Insufficient evidence,[],developer fixture; not expert ground truth,,,1,Unclassified,[],Unclassified,Insufficient evidence,[],,rules,,2.0,pending,"No supported deficiency, ambiguous or negated text, or too little context."
DEMO-1-2023-10,DEMO-INS-1-2023,Cedar Demonstration,Fictional site 2,2023-04-15,10,The computer access control was disabled.,True,FORMAT-483-10,https://www.fda.gov/about-fda/montana-compounding-pharmacy-pc-missoula-mt-483-issued-09202016,"Form header fields and numbered observations, pages 1-3; wording and labels independently authored",Records and data integrity,High,['Computer Systems'],developer fixture; not expert ground truth,,,1,Records and data integrity,['Computer Systems'],Computer Systems,High,['The computer access control was disabled.'],,rules,,2.0,pending,"Explicit failed, repeated, disabled or missing investigation/control."
DEMO-1-2023-11,DEMO-INS-1-2023,Cedar Demonstration,Fictional site 2,2023-04-15,11,The quality unit failed to review repeated deviation reports.,True,FORMAT-483-11,https://www.fda.gov/about-fda/montana-compounding-pharmacy-pc-missoula-mt-483-issued-09202016,"Form header fields and numbered observations, pages 1-3; wording and labels independently authored",Quality management,High,"['Quality Systems', 'Deviation Management']",developer fixture; not expert ground truth,,,1,Quality management,"['Quality Systems', 'Deviation Management']",Quality Systems,High,['The quality unit failed to review repeated deviation reports.'],,rules,,2.0,pending,"Explicit failed, repeated, disabled or missing investigation/control."
DEMO-1-2023-12,DEMO-INS-1-2023,Cedar Demonstration,Fictional site 2,2023-04-15,12,Equipment maintenance was incomplete.,True,FORMAT-483-12,https://www.fda.gov/about-fda/montana-compounding-pharmacy-pc-missoula-mt-483-issued-09202016,"Form header fields and numbered observations, pages 1-3; wording and labels independently authored",Facilities and equipment,Medium,['Equipment'],developer fixture; not expert ground truth,,,1,Facilities and equipment,['Equipment'],Equipment,Medium,['Equipment maintenance was incomplete.'],,rules,,2.0,pending,Identified incomplete or inadequate control without an explicit higher-severity signal.
DEMO-1-2024-01,DEMO-INS-1-2024,Cedar Demonstration,Fictional site 2,2024-04-15,1,Audit trail controls failed; original records were deleted.,True,FORMAT-483-01,https://www.fda.gov/about-fda/montana-compounding-pharmacy-pc-missoula-mt-483-issued-09202016,"Form header fields and numbered observations, pages 1-3; wording and labels independently authored",Records and data integrity,Critical,['Data Integrity'],developer fixture; not expert ground truth,,,1,Records and data integrity,['Data Integrity'],Data Integrity,Critical,['Audit trail controls failed; original records were deleted.'],,rules,,2.0,pending,"Explicit falsification, deleted original records, or contamination affecting released product."
DEMO-1-2024-02,DEMO-INS-1-2024,Cedar Demonstration,Fictional site 2,2024-04-15,2,The laboratory failed to investigate repeated OOS results.,True,FORMAT-483-02,https://www.fda.gov/about-fda/montana-compounding-pharmacy-pc-missoula-mt-483-issued-09202016,"Form header fields and numbered observations, pages 1-3; wording and labels independently authored",Laboratory controls,High,"['OOS Investigation', 'Laboratory Controls']",developer fixture; not expert ground truth,,,1,Laboratory controls,"['OOS Investigation', 'Laboratory Controls']",OOS Investigation,High,['The laboratory failed to investigate repeated OOS results.'],,rules,,2.0,pending,"Explicit failed, repeated, disabled or missing investigation/control."
DEMO-1-2024-03,DEMO-INS-1-2024,Cedar Demonstration,Fictional site 2,2024-04-15,3,CAPA effectiveness was not verified.,True,FORMAT-483-03,https://www.fda.gov/about-fda/montana-compounding-pharmacy-pc-missoula-mt-483-issued-09202016,"Form header fields and numbered observations, pages 1-3; wording and labels independently authored",Quality management,Medium,['CAPA'],developer fixture; not expert ground truth,,,1,Quality management,['CAPA'],CAPA,Medium,['CAPA effectiveness was not verified.'],,rules,,2.0,pending,Identified incomplete or inadequate control without an explicit higher-severity signal.
DEMO-1-2024-04,DEMO-INS-1-2024,Cedar Demonstration,Fictional site 2,2024-04-15,4,Documentation was incomplete for the batch records.,True,FORMAT-483-04,https://www.fda.gov/about-fda/montana-compounding-pharmacy-pc-missoula-mt-483-issued-09202016,"Form header fields and numbered observations, pages 1-3; wording and labels independently authored",Records and data integrity,Medium,['Documentation'],developer fixture; not expert ground truth,,,1,Records and data integrity,['Documentation'],Documentation,Medium,['Documentation was incomplete for the batch records.'],,rules,,2.0,pending,Identified incomplete or inadequate control without an explicit higher-severity signal.
DEMO-1-2024-05,DEMO-INS-1-2024,Cedar Demonstration,Fictional site 2,2024-04-15,5,Equipment calibration verification was incomplete.,True,FORMAT-483-05,https://www.fda.gov/about-fda/montana-compounding-pharmacy-pc-missoula-mt-483-issued-09202016,"Form header fields and numbered observations, pages 1-3; wording and labels independently authored",Laboratory controls,Medium,"['Laboratory Controls', 'Equipment']",developer fixture; not expert ground truth,,,1,Laboratory controls,"['Laboratory Controls', 'Equipment']",Laboratory Controls,Medium,['Equipment calibration verification was incomplete.'],,rules,,2.0,pending,Identified incomplete or inadequate control without an explicit higher-severity signal.
DEMO-1-2024-06,DEMO-INS-1-2024,Cedar Demonstration,Fictional site 2,2024-04-15,6,Process validation did not establish reproducible manufacturing controls.,True,FORMAT-483-06,https://www.fda.gov/about-fda/montana-compounding-pharmacy-pc-missoula-mt-483-issued-09202016,"Form header fields and numbered observations, pages 1-3; wording and labels independently authored",Production and validation,Medium,"['Manufacturing Controls', 'Validation']",developer fixture; not expert ground truth,,,1,Production and validation,"['Manufacturing Controls', 'Validation']",Manufacturing Controls,Medium,['Process validation did not establish reproducible manufacturing controls.'],,rules,,2.0,pending,Identified incomplete or inadequate control without an explicit higher-severity signal.
DEMO-1-2024-07,DEMO-INS-1-2024,Cedar Demonstration,Fictional site 2,2024-04-15,7,Training records were incomplete.,True,FORMAT-483-07,https://www.fda.gov/about-fda/montana-compounding-pharmacy-pc-missoula-mt-483-issued-09202016,"Form header fields and numbered observations, pages 1-3; wording and labels independently authored",Personnel and training,Medium,['Training'],developer fixture; not expert ground truth,,,1,Personnel and training,['Training'],Training,Medium,['Training records were incomplete.'],,rules,,2.0,pending,Identified incomplete or inadequate control without an explicit higher-severity signal.
DEMO-1-2024-08,DEMO-INS-1-2024,Cedar Demonstration,Fictional site 2,2024-04-15,8,An isolated administrative documentation error had no product impact.,True,FORMAT-483-08,https://www.fda.gov/about-fda/montana-compounding-pharmacy-pc-missoula-mt-483-issued-09202016,"Form header fields and numbered observations, pages 1-3; wording and labels independently authored",Records and data integrity,Low,['Documentation'],developer fixture; not expert ground truth,,,1,Records and data integrity,['Documentation'],Documentation,Low,['An isolated administrative documentation error had no product impact.'],,rules,,2.0,pending,Explicit isolated administrative issue with stated absence of product impact.
DEMO-1-2024-09,DEMO-INS-1-2024,Cedar Demonstration,Fictional site 2,2024-04-15,9,No evidence of audit trail failures was observed.,True,FORMAT-483-09,https://www.fda.gov/about-fda/montana-compounding-pharmacy-pc-missoula-mt-483-issued-09202016,"Form header fields and numbered observations, pages 1-3; wording and labels independently authored",Unclassified,Insufficient evidence,[],developer fixture; not expert ground truth,,,1,Unclassified,[],Unclassified,Insufficient evidence,[],,rules,,2.0,pending,"No supported deficiency, ambiguous or negated text, or too little context."
DEMO-1-2024-10,DEMO-INS-1-2024,Cedar Demonstration,Fictional site 2,2024-04-15,10,The computer access control was disabled.,True,FORMAT-483-10,https://www.fda.gov/about-fda/montana-compounding-pharmacy-pc-missoula-mt-483-issued-09202016,"Form header fields and numbered observations, pages 1-3; wording and labels independently authored",Records and data integrity,High,['Computer Systems'],developer fixture; not expert ground truth,,,1,Records and data integrity,['Computer Systems'],Computer Systems,High,['The computer access control was disabled.'],,rules,,2.0,pending,"Explicit failed, repeated, disabled or missing investigation/control."
DEMO-1-2024-11,DEMO-INS-1-2024,Cedar Demonstration,Fictional site 2,2024-04-15,11,The quality unit failed to review repeated deviation reports.,True,FORMAT-483-11,https://www.fda.gov/about-fda/montana-compounding-pharmacy-pc-missoula-mt-483-issued-09202016,"Form header fields and numbered observations, pages 1-3; wording and labels independently authored",Quality management,High,"['Quality Systems', 'Deviation Management']",developer fixture; not expert ground truth,,,1,Quality management,"['Quality Systems', 'Deviation Management']",Quality Systems,High,['The quality unit failed to review repeated deviation reports.'],,rules,,2.0,pending,"Explicit failed, repeated, disabled or missing investigation/control."
DEMO-1-2024-12,DEMO-INS-1-2024,Cedar Demonstration,Fictional site 2,2024-04-15,12,Equipment maintenance was incomplete.,True,FORMAT-483-12,https://www.fda.gov/about-fda/montana-compounding-pharmacy-pc-missoula-mt-483-issued-09202016,"Form header fields and numbered observations, pages 1-3; wording and labels independently authored",Facilities and equipment,Medium,['Equipment'],developer fixture; not expert ground truth,,,1,Facilities and equipment,['Equipment'],Equipment,Medium,['Equipment maintenance was incomplete.'],,rules,,2.0,pending,Identified incomplete or inadequate control without an explicit higher-severity signal.
DEMO-1-2025-01,DEMO-INS-1-2025,Cedar Demonstration,Fictional site 2,2025-04-15,1,Audit trail controls failed; original records were deleted.,True,FORMAT-483-01,https://www.fda.gov/about-fda/montana-compounding-pharmacy-pc-missoula-mt-483-issued-09202016,"Form header fields and numbered observations, pages 1-3; wording and labels independently authored",Records and data integrity,Critical,['Data Integrity'],developer fixture; not expert ground truth,,,1,Records and data integrity,['Data Integrity'],Data Integrity,Critical,['Audit trail controls failed; original records were deleted.'],,rules,,2.0,pending,"Explicit falsification, deleted original records, or contamination affecting released product."
DEMO-1-2025-02,DEMO-INS-1-2025,Cedar Demonstration,Fictional site 2,2025-04-15,2,The laboratory failed to investigate repeated OOS results.,True,FORMAT-483-02,https://www.fda.gov/about-fda/montana-compounding-pharmacy-pc-missoula-mt-483-issued-09202016,"Form header fields and numbered observations, pages 1-3; wording and labels independently authored",Laboratory controls,High,"['OOS Investigation', 'Laboratory Controls']",developer fixture; not expert ground truth,,,1,Laboratory controls,"['OOS Investigation', 'Laboratory Controls']",OOS Investigation,High,['The laboratory failed to investigate repeated OOS results.'],,rules,,2.0,pending,"Explicit failed, repeated, disabled or missing investigation/control."
DEMO-1-2025-03,DEMO-INS-1-2025,Cedar Demonstration,Fictional site 2,2025-04-15,3,CAPA effectiveness was not verified.,True,FORMAT-483-03,https://www.fda.gov/about-fda/montana-compounding-pharmacy-pc-missoula-mt-483-issued-09202016,"Form header fields and numbered observations, pages 1-3; wording and labels independently authored",Quality management,Medium,['CAPA'],developer fixture; not expert ground truth,,,1,Quality management,['CAPA'],CAPA,Medium,['CAPA effectiveness was not verified.'],,rules,,2.0,pending,Identified incomplete or inadequate control without an explicit higher-severity signal.
DEMO-1-2025-04,DEMO-INS-1-2025,Cedar Demonstration,Fictional site 2,2025-04-15,4,Documentation was incomplete for the batch records.,True,FORMAT-483-04,https://www.fda.gov/about-fda/montana-compounding-pharmacy-pc-missoula-mt-483-issued-09202016,"Form header fields and numbered observations, pages 1-3; wording and labels independently authored",Records and data integrity,Medium,['Documentation'],developer fixture; not expert ground truth,,,1,Records and data integrity,['Documentation'],Documentation,Medium,['Documentation was incomplete for the batch records.'],,rules,,2.0,pending,Identified incomplete or inadequate control without an explicit higher-severity signal.
DEMO-1-2025-05,DEMO-INS-1-2025,Cedar Demonstration,Fictional site 2,2025-04-15,5,Equipment calibration verification was incomplete.,True,FORMAT-483-05,https://www.fda.gov/about-fda/montana-compounding-pharmacy-pc-missoula-mt-483-issued-09202016,"Form header fields and numbered observations, pages 1-3; wording and labels independently authored",Laboratory controls,Medium,"['Laboratory Controls', 'Equipment']",developer fixture; not expert ground truth,,,1,Laboratory controls,"['Laboratory Controls', 'Equipment']",Laboratory Controls,Medium,['Equipment calibration verification was incomplete.'],,rules,,2.0,pending,Identified incomplete or inadequate control without an explicit higher-severity signal.
DEMO-1-2025-06,DEMO-INS-1-2025,Cedar Demonstration,Fictional site 2,2025-04-15,6,Process validation did not establish reproducible manufacturing controls.,True,FORMAT-483-06,https://www.fda.gov/about-fda/montana-compounding-pharmacy-pc-missoula-mt-483-issued-09202016,"Form header fields and numbered observations, pages 1-3; wording and labels independently authored",Production and validation,Medium,"['Manufacturing Controls', 'Validation']",developer fixture; not expert ground truth,,,1,Production and validation,"['Manufacturing Controls', 'Validation']",Manufacturing Controls,Medium,['Process validation did not establish reproducible manufacturing controls.'],,rules,,2.0,pending,Identified incomplete or inadequate control without an explicit higher-severity signal.
DEMO-1-2025-07,DEMO-INS-1-2025,Cedar Demonstration,Fictional site 2,2025-04-15,7,Training records were incomplete.,True,FORMAT-483-07,https://www.fda.gov/about-fda/montana-compounding-pharmacy-pc-missoula-mt-483-issued-09202016,"Form header fields and numbered observations, pages 1-3; wording and labels independently authored",Personnel and training,Medium,['Training'],developer fixture; not expert ground truth,,,1,Personnel and training,['Training'],Training,Medium,['Training records were incomplete.'],,rules,,2.0,pending,Identified incomplete or inadequate control without an explicit higher-severity signal.
DEMO-1-2025-08,DEMO-INS-1-2025,Cedar Demonstration,Fictional site 2,2025-04-15,8,An isolated administrative documentation error had no product impact.,True,FORMAT-483-08,https://www.fda.gov/about-fda/montana-compounding-pharmacy-pc-missoula-mt-483-issued-09202016,"Form header fields and numbered observations, pages 1-3; wording and labels independently authored",Records and data integrity,Low,['Documentation'],developer fixture; not expert ground truth,,,1,Records and data integrity,['Documentation'],Documentation,Low,['An isolated administrative documentation error had no product impact.'],,rules,,2.0,pending,Explicit isolated administrative issue with stated absence of product impact.
DEMO-1-2025-09,DEMO-INS-1-2025,Cedar Demonstration,Fictional site 2,2025-04-15,9,No evidence of audit trail failures was observed.,True,FORMAT-483-09,https://www.fda.gov/about-fda/montana-compounding-pharmacy-pc-missoula-mt-483-issued-09202016,"Form header fields and numbered observations, pages 1-3; wording and labels independently authored",Unclassified,Insufficient evidence,[],developer fixture; not expert ground truth,,,1,Unclassified,[],Unclassified,Insufficient evidence,[],,rules,,2.0,pending,"No supported deficiency, ambiguous or negated text, or too little context."
DEMO-1-2025-10,DEMO-INS-1-2025,Cedar Demonstration,Fictional site 2,2025-04-15,10,The computer access control was disabled.,True,FORMAT-483-10,https://www.fda.gov/about-fda/montana-compounding-pharmacy-pc-missoula-mt-483-issued-09202016,"Form header fields and numbered observations, pages 1-3; wording and labels independently authored",Records and data integrity,High,['Computer Systems'],developer fixture; not expert ground truth,,,1,Records and data integrity,['Computer Systems'],Computer Systems,High,['The computer access control was disabled.'],,rules,,2.0,pending,"Explicit failed, repeated, disabled or missing investigation/control."
DEMO-1-2025-11,DEMO-INS-1-2025,Cedar Demonstration,Fictional site 2,2025-04-15,11,The quality unit failed to review repeated deviation reports.,True,FORMAT-483-11,https://www.fda.gov/about-fda/montana-compounding-pharmacy-pc-missoula-mt-483-issued-09202016,"Form header fields and numbered observations, pages 1-3; wording and labels independently authored",Quality management,High,"['Quality Systems', 'Deviation Management']",developer fixture; not expert ground truth,,,1,Quality management,"['Quality Systems', 'Deviation Management']",Quality Systems,High,['The quality unit failed to review repeated deviation reports.'],,rules,,2.0,pending,"Explicit failed, repeated, disabled or missing investigation/control."
DEMO-1-2025-12,DEMO-INS-1-2025,Cedar Demonstration,Fictional site 2,2025-04-15,12,Equipment maintenance was incomplete.,True,FORMAT-483-12,https://www.fda.gov/about-fda/montana-compounding-pharmacy-pc-missoula-mt-483-issued-09202016,"Form header fields and numbered observations, pages 1-3; wording and labels independently authored",Facilities and equipment,Medium,['Equipment'],developer fixture; not expert ground truth,,,1,Facilities and equipment,['Equipment'],Equipment,Medium,['Equipment maintenance was incomplete.'],,rules,,2.0,pending,Identified incomplete or inadequate control without an explicit higher-severity signal.
